0,WLK10036
1,WLK1904
2,LGLY6611
3,SAU3382
4,TRNT3146
5,GOLV1732
6,XTBG1215
7,LRFY2283
8,TRNT3325
9,TRNT4127
10,VHME1053
11,BCMH4485
12,GRYL7065
13,MITN4108
14,ORNE7709
15,ORNE7712
16,LGLY2176
17,LGLY6152
18,LARK1217
19,MCRW4121
20,THRE5327
21,WI2896
22,WI2908
23,MCRR2848
24,TH3029
25,TRPT2208
26,GRYL4909
27,MITN2999
28,HRFE1046
29,ROHE5519
30,GOLV5217
31,MCRR1655
32,BDI1415
33,BRSD6305
34,LATT4783
35,MCRR5225
36,MDT1806
37,MNCM4452
38,TH2591
39,VRKG1240
40,ZIPC2195
41,LGYT1143
42,LTRN1117
43,ZIPC2541
44,HODE1027
45,HVHN1148
46,IVYB4258
47,ZPCD5657
48,BCMH3282
49,BCMH4778
50,BCMH5344
51,ORNL8884
52,THRE3519
53,VVRH1138
54,BYST4484
55,IVBX8156
56,MCRR4444
57,MCRW1528
58,ORNL7095
59,ACOT1390
60,GRYL4916
61,MITN2236
62,BYDT1659
63,CRCH1055
64,DTKA1276
65,LGLY5748
66,LNPE7379
67,MITN4329
68,BRYS9056
69,LTRN1183
70,TMB1272
71,BYDT1192
72,BYST5673
73,LGLY4969
74,DBYH7450
75,MCRW7338
76,RBSD4820
77,DBYC1518
78,OREL7141
79,ANDO4927
80,BRWT1002
81,EBND4337
82,FOME1241
83,MITN3096
84,PT0275
85,THRE3181
86,ZIPC4139
87,TADN5835
88,ACOT4382
89,RDBS2889
90,LGLY3886
91,MROW6480
92,ANDO1740
93,LDER3980
94,THRE3793
95,WDLN2331
96,ZIPC2540
97,BCMH3877
98,CST7192
99,LATD1747
100,VITN1000
101,LATD3302
102,AEW1239
103,KUI7019
104,LNPK3936
105,LOON3965
106,HLDS2575
107,BYDT1651
108,WDLN2061
109,ZIPC3423
110,BYST5756
111,LOON2399
112,BCHH8809
113,BCHH9042
114,BKWT7381
115,HLDS1112
116,TRPT4959
117,ATGR2249
118,DRBC2356
119,ANDV3166
120,DRBH7991
121,LRFY4603
122,LRFY6270
123,WLK1907
124,BCMH4843
125,GRKS7682
126,BCHH9099
127,LATR7241
128,LDER3025
129,MROW8717
130,AMCN1059
131,BKWT8097
132,MF2489
133,AALA1016
134,GNT2827
135,GOLV1733
136,HVO71822
137,LGLY6082
138,LOON8423
139,MCRW6663
140,QSI2846
141,ZIPC8043
142,EBRD8160
143,ENDE5689
144,KUI6696
145,LNPE7678
146,ORNE2986
147,RDBS9073
148,STSS5579
149,ACOT3824
150,BL24171
151,LGLY2174
152,VRKG3657
153,CLOP1383
154,OREL3207
155,ORNL6141
156,VRKG8403
157,VRKG8406
158,ZPCD3513
159,LOON8424
160,TRPT6227
161,BRAY1777
162,FBWE1017
163,MCRR7144
164,TADN4750
165,TRNT1050
166,TRNT2683
167,OPCO6930
168,LATR8022
169,IVYB2648
170,LGLY4043
171,MHUS1238
172,GCEO2748
173,LRFY2495
174,WLK10031
175,ANDV3085
176,MROW7651
177,DBHC7540
178,TH4401
179,ZIPC5768
180,FDL2683
181,LNPK3841
182,LOPK7653
183,LRKM6869
184,WP2493
185,NWCS1549
186,ZIPC8194
187,CSTD7646
188,GOLV3670
189,LATT3796
190,UNRT1224
191,GRCS7443
192,THPS2636
193,WLK10037
194,WLK1905
195,ATGR2033
196,GRYL4880
197,LRFY7378
198,ACOT3821
199,BKWT4569
200,ZPCD3551
201,ANH2122
202,MCRW7413
203,ORIS3338
204,LNTS2096
205,LRKM4788
206,MTNA3127
207,RCLF2722
208,GOLV5820
209,XHX11071
210,MCRR1480
211,SEHO7167
212,TRPT3900
213,TINS1045
214,CSTU1117
215,LGLY2715
216,LGLY3422
217,LGLY5325
218,MCRR2603
219,QSI1595
220,PKR3329
221,PKR3336
222,STSS8216
223,BYDT2478
224,DBHC3462
225,DP1844
226,DP1949
227,GRCK1897
228,LOPK3346
229,NPQH1094
230,ORNL6145
231,BCHH8348
232,BRAY3883
233,LTRN1932
234,WADL6280
235,AMCN1082
236,AMCN1084
237,LRFY1921
238,SAU2155
239,AGTG2769
240,ANDO4114
241,BRAY3068
242,GOLV1804
243,HCOL1062
244,HLDS6220
245,MNQ2836
246,MROW8838
247,THRE8269
248,TRPT4960
249,DBHC4060
250,DBHC9174
251,DRBC1556
252,GRYL6742
253,KMDS3987
254,ONAW1794
255,IXA1006
256,IXA1087
257,ATGR2262
258,GRYL4372
259,HQK1327
260,THPS3486
261,THRE3765
262,ARGD6488
263,OREL3200
264,GRYL1642
265,GRYL4895
266,MROW7650
267,COGL1157
268,THVE1108
269,LSWR1017
270,BCMH3878
271,THPS3974
272,TRPT4979
273,MCRR2017
274,WADL4063
275,LOON5646
276,ZPCD6126
277,ALCT4223
278,BCHH7556
279,CHRH7077
280,MF2490
281,TADN4411
282,THPS3353
283,MCRW7088
284,WDLN3765
285,OREL4710
286,ZIPC4894
287,ADML1057
288,ZIPC2448
289,LNPK5507
290,LRFY1595
291,LRFY6273
292,TRNT4126
293,TRNT4798
294,LFMF1679
295,QSI1596
296,BRYS7367
297,LGLY3075
298,QSI1597
299,DBHC6607
300,LOON5052
301,KMDS5188
302,LGLY6151
303,ANDV4831
304,RDBS7536
305,DRBH7325
306,DABH2570
307,DBYC1469
308,DRBH6248
309,JFP1542
310,JFP1647
311,DRBC1949
312,LATR7222
313,MXF1867
314,RDBS9072
315,TH4654
316,LNPK3412
317,ANDO1588
318,TRNT4820
319,LNPK3414
320,AR2220
321,ORLS2417
322,ZIPC1992
323,ZIPC8044
324,MCRW7406
325,ZIPC4506
326,DBHC6341
327,WRME3480
328,ACOT2386
329,RDBS6332
330,SEHO8081
331,WADL9676
332,ANDV4773
333,KUI6415
334,LNPE8415
335,LNPK1040
336,THRE3481
337,CSTD4809
338,LGLY6852
339,GOLV1846
340,POHM1168
341,THRE3590
342,BL24041
343,BCHH7557
344,MCRR2602
345,BRAY1872
346,BGLS7830
347,CST50127
348,GRYL4904
349,IVBX2606
350,LGLY6123
351,LGLY6759
352,QSI1668
353,WLK1899
354,BL15307
355,DBYC1468
356,DRBH7992
357,LOON2972
358,SAU1225
359,AMCN1037
360,AMCN1052
361,EFMG1349
362,LOON4454
363,MLWP4873
364,LOON8501
365,DBYH8008
366,MTNA2158
367,GRKS8578
368,JFP1883
369,JFP1922
370,BIM1599
371,GN1917
372,LRFY3540
373,PIAN1054
374,STSS2547
375,VRKG8401
376,ANDV3000
377,BCHH8917
378,DBHC7557
379,IVBX2035
380,KUI3787
381,MCRW1527
382,MNQ2578
383,MROW6025
384,LGLY6153
385,ORIS1538
386,ORNE8493
387,XTBG1217
388,NDDE1020
389,NPQH1003
390,ORNE7710
391,VKGL2647
392,LNPE8722
393,HVOA0136
394,JFP1619
395,JFP1879
396,LRFY2722
397,LTRN1477
398,MUK1062
399,AMCN1077
400,BCMH4776
401,DRBC8893
402,MCRR1720
403,RDBT6513
404,BL23895
405,LRKM5484
406,BCMH5381
407,MXF1691
408,GRYL4391
409,HAZE2805
410,JFP1870
411,JFP1930
412,THVE1095
413,LATT3793
414,SYPL6382
415,ZIPC3024
416,ZLD1036
417,GOLV3669
418,MCRW7087
419,WLK1902
420,WLSG3587
421,LRFY1911
422,ALCT3114
423,TH4124
424,GOLV3671
425,LFMF4632
426,VARK7085
427,ORRL9827
428,WDLN2184
429,RBSD4831
430,LATR7636
431,NEX1148
432,ZIPC7656
433,ORNL6139
434,ORNL7782
435,DBHC5127
436,QAA1208
437,THRE4973
438,BCHH7535
439,LOON5120
440,LGLY3883
441,MXF10049
442,OREL9083
443,ORIS3318
444,DRBC1611
445,KUI10177
446,MLWP2457
447,ACOT1374
448,WI2909
449,LGLY3884
450,MCRW5664
451,MITN2946
452,THRE2345
453,CHRL5754
454,ORRL9837
455,WLGN1874
456,ANDV3142
457,MCRR2597
458,GRYL4908
459,MCRW5793
460,MNQ2574
461,EBND1723
462,BYDT9752
463,ORIS3320
464,AUGV2322
465,AUGV2319
466,LRKM4777
467,OCBN1000
468,FRNY1366
469,FRNY1367
470,OREL3205
471,TH4948
472,TRNT9538
473,WDLN2182
474,CHRL2084
475,THRE3789
476,AR2314
477,ENDE3867
478,LATD2116
479,TH3147
480,VRKG1918
481,DRBC1879
482,LFMF1572
483,LNPE1684
484,SBJT1022
485,TRNT3323
486,RCLF3168
487,ROHE5570
488,CSTD7360
489,CSTD7361
490,HVOA4859
491,LGYT1195
492,GRYL4181
493,MLWP4228
494,QSI1850
495,BNRS8261
496,DP1910
497,HKR6909
498,GRCK1969
499,VRKG8389
500,ATGR2261
501,BGLS7059
502,ALTL4748
503,BRYS3067
504,DBHC3555
505,SEHO3683
506,FSGP1020
507,IXA1061
508,IXA1098
509,HVO71115
510,JQLD1064
511,PLFC1043
512,DRBH3910
513,GRCS3181
514,JFP1920
515,LOON9233
516,LTN2378
517,WLFR5379
518,ATGR2727
519,BYST4482
520,GRKS6468
521,LRFY6071
522,BRSU1016
523,MROW8313
524,BYST5751
525,CRLM3226
526,GOLV1729
527,WLGN3268
528,HODE1281
529,ZIPC1753
530,ZIPC1951
531,MNQ2813
532,ZIPC8000
533,ZIPC1661
534,GRYL4748
535,LFMF2647
536,LOPK3344
537,ORNE6416
538,ORNL6140
539,UNRS2654
540,UNRS6469
541,WLK10025
542,FTYS1006
543,GOLV2934
544,SYPL5359
545,DBHC3461
546,DBYH8025
547,KUI6702
548,ZPCD3204
549,CST50129
550,DBHC6402
551,DRBC5282
552,HS1333
553,ENDE3866
554,GOLV3156
555,TH4856
556,WLGN3267
557,DP1882
558,DP1958
559,LOON3967
560,MNQ2819
561,EBND6403
562,ZPCD6901
563,SFGS1436
564,XTBG1580
565,ASTD3736
566,DRBC6813
567,BYST6571
568,TRNT2119
569,MCRR7244
570,ORNE2027
571,GCEO2761
572,MSVH1068
573,LGLY2725
574,ACOT3836
575,CHLH1952
576,DBYC1444
577,LOON5050
578,THRE7608
579,THRE5328
580,BCHH8150
581,HMPT3717
582,DBHC3993
583,RDBS7079
584,DTKA1174
585,WADL9379
586,BRWT1240
587,GCCJ1147
588,OREL2597
589,SYPL3415
590,ZPCD6351
591,TADN9403
592,LGLY4789
593,LGLY5689
594,OREL2832
595,ZIPC6053
596,ZPCD6648
597,CHLH3042
598,WDLN4705
599,ZPCD6917
600,LRKM4500
601,CST16939
602,IRD3473
603,EBDG3979
604,FVD10014
605,FVD10023
606,WLK1900
607,ZIPC4896
608,ZIPC2364
609,LTRN3961
610,UNRS1012
611,WDLN3861
612,BCHH6461
613,EFMG1146
614,BWN1008
615,QDY1715
616,MITN2691
617,ATGR4381
618,LOPK2967
619,ONAW1799
620,WLFR5381
621,OPHL2424
622,THVE1116
623,DBHC9100
624,ATGR7648
625,ZIPC8603
626,ZPCD6732
627,TADN4061
628,BL24181
629,ALCT4457
630,DBHC3556
631,TH4861
632,BGLS7655
633,DBYH1459
634,ZPCD4057
635,TMB1250
636,ZIPC8013
637,WADL8695
638,BYDT2492
639,LATD2474
640,CSTD6547
641,ATGR1654
642,CST12417
643,LNPK4045
644,MCRR2888
645,MCRR6872
646,SEHO6227
647,SEHO8084
648,UNRS2649
649,MITN3000
650,MITN3731
651,BL23163
652,DBYH3199
653,DBYH8579
654,JFI10069
655,LNPE7435
656,LNPE7436
657,REZF1090
658,ACOT7518
659,DABH2003
660,NPQH1033
661,ORNE2736
662,WDLN2183
663,WDLN2266
664,LFMF1635
665,MITN4109
666,LGLY6076
667,NTJS1033
668,CSTD1664
669,CHRH4500
670,DSGN1004
671,TDD1021
672,AUGV1873
673,MRCC1043
674,ONAW2870
675,BCHH9041
676,DRBC9280
677,BRYS3532
678,CST17798
679,DCRN1184
680,ALCT4739
681,ZIPC2362
682,EBDG3770
683,EBRD8248
684,ENDE5774
685,HVOA4372
686,MNQ3021
687,NEX1246
688,WLK10047
689,AAGE1019
690,HKR12203
691,BYST5759
692,RDBS2892
693,REZF1125
694,LFMF4854
695,BCMH4060
696,BCMH4367
697,SEHO1379
698,GOLV2935
699,THRE3259
700,UNRT1062
701,LOON9293
702,AALA1015
703,DBHC1744
704,HE7921
705,QSI1392
706,QSI1803
707,TH2298
708,WADL9905
709,LFMF1567
710,IVBX4555
711,BKWT7778
712,MXF1690
713,VKGL8012
714,BRAY5609
715,DBYH8028
716,GNT6587
717,HKR10693
718,HKR12326
719,VBCT1227
720,WRSE2094
721,CAGY3722
722,LOON5647
723,JIY10058
724,ATGR2293
725,GRYL6755
726,TRPT3880
727,LGLY6608
728,STSS5168
729,DBYH7458
730,HKR10846
731,TMB1249
732,IVYX1353
733,LATT5478
734,QSI2593
735,TADN9440
736,LGLY3871
737,DCRN1169
738,KUI5167
739,WLGN7847
740,WLGN7848
741,ACF1196
742,BL21510
743,LTTT1005
744,LTRN2340
745,CHRL1578
746,INZ1007
747,LFMF1459
748,TADN4413
749,LATU3564
750,LTRN1452
751,TMA1430
752,ZPCD3595
753,HCD2726
754,ZIPC3163
755,WDLN2067
756,WLK10055
757,TMA1781
758,TMA1858
759,WLGN7849
760,SEHO6939
761,EBRD5864
762,KUI2452
763,LDER6876
764,ZIPC1656
765,ZIPC2371
766,AOLL1188
767,BRSU3899
768,GRKS3816
769,LTRN4125
770,WRSE2096
771,ANH10000
772,FNT1151
773,LFN1838
774,CHLH3159
775,DBHC6426
776,LOON2401
777,CSTD6970
778,GOLV3104
779,GOLV5052
780,MCRW5928
781,ORIS3324
782,QB10039
783,LNPK3930
784,UNRS4184
785,MCRW7339
786,ZPCD6189
787,DABH2370
788,DBHC2733
789,LOON4182
790,ONAW1964
791,ALLA1085
792,GCEO2744
793,LRFY6089
794,TRNT5130
795,UNRS7069
796,KUI6245
797,LATR7269
798,ZIPC2033
799,ZIPC4140
800,LNPK3190
801,TINS1085
802,LATT4532
803,LTRN2553
804,TDCY1192
805,TRNT4809
806,WHI7127
807,SCTL1370
808,UNRS2651
809,TINS1083
810,GAOK9988
811,SEHO7012
812,JFP1308
813,AR2305
814,LATU2657
815,VRKG8073
816,DBHC3337
817,VKGL2343
818,GOLV1249
819,FOW3991
820,DBHC4629
821,UNOR1026
822,WHI6690
823,DBYH2193
824,MUK1069
825,TBL2572
826,TBL2573
827,GOLV5219
828,TNDA1007
829,WDLN3766
830,MITN2674
831,CBBR1661
832,TINS1046
833,ALTH3527
834,BYST6717
835,HS1480
836,LOON6962
837,RDBT6104
838,WNSP3764
839,ZPCD3147
840,VRKG5091
841,LDER1598
842,FOME1309
843,ZIPC6121
844,FNDS4045
845,GCRM1000
846,CST50125
847,EBRD5863
848,THRE7610
849,HODE1194
850,HODE1195
851,NEX1149
852,NEX1190
853,NEX1212
854,ZIPC8177
855,BRYS5431
856,MITN2243
857,GRKS7577
858,LOPK2558
859,EYQN3975
860,BCHH7555
861,BL15306
862,EFMG1331
863,MF2487
864,QSI1834
865,RBRS6000
866,DP2039
867,GRYL4627
868,FAGN1050
869,OCBS1000
870,BHAS1013
871,HS1474
872,ZIPC2446
873,DRBC6246
874,DRBC6370
875,XSN1253
876,ANDO1678
877,MROW5999
878,KFBU1053
879,TINS1122
880,GRCS5509
881,HLDS7079
882,TRNT3148
883,LRKM4496
884,SEHO6940
885,BCMH3498
886,ZIPC8196
887,KRDI1259
888,LGYT1133
889,NEKO1047
890,AR2224
891,BNZC7942
892,BNZC7970
893,THRE3763
894,TINS1107
895,DTKA1173
896,WLK1892
897,ZIPC3421
898,GOLV5212
899,GOLV5215
900,LFN1820
901,WLFR3898
902,DRBC6814
903,ZIPC1894
904,ZIPC3301
905,AAGE1001
906,AAGE1002
907,FNT1173
908,HKR11365
909,VBCT1153
910,DP1878
911,DP2043
912,CHRH1027
913,HS1470
914,DRBH7946
915,DTKA1442
916,LDER1606
917,NPQD1497
918,SBHN1018
919,GNT6588
920,LNPE9002
921,WADL4222
922,AGTG2596
923,BLMK4603
924,DTWT1002
925,FOW3909
926,UNOR1627
927,WRME1534
928,WLDM8159
929,ZIPC7999
930,ZPCD6216
931,BDFL1047
932,CRHM1264
933,LNPE2098
934,MUK1081
935,WLK10038
936,GOLV5180
937,ORNL2238
938,HS1471
939,AHSU5070
940,BMFR1873
941,CST16714
942,FRNY1359
943,FRNY1362
944,LATD1757
945,ROSP2961
946,SAU2190
947,WLDM3674
948,QSI1807
949,GRYL4879
950,LKF1749
951,GOLV5213
952,OAWY6236
953,LNPK1052
954,RBSD3687
955,EFMG1333
956,TADN1127
957,BNGL5135
958,TH2344
959,BSTU4837
960,CSTD3958
961,JMFU1805
962,UNRS1193
963,GRYL4584
964,AGGR7362
965,MNCM4430
966,ORLS2374
967,UNOR1523
968,VVRH1440
969,WLFR5382
970,LGLY5749
971,ZIPC2156
972,CHLH1791
973,LTDR6017
974,BLD1348
975,FNT1214
976,WLGN8373
977,UNOR1025
978,KUI6403
979,ZIPC8160
980,GRKS3900
981,BB1424
982,ZPCD3576
983,VARK5063
984,WLK10049
985,WLK1913
986,LATU2652
987,DRBC8878
988,FAGN1030
989,ORIS3268
990,RDBA8211
991,TINS1053
992,TADN8502
993,JFP1887
994,TINS1081
995,TH10069
996,TINS1008
997,LKF1759
998,MSVH1073
999,THVE1089
1000,WNSP5691
1001,BYDT1657
1002,IRI2126
1003,THRE8468
1004,HKR10905
1005,BKWT7191
1006,LNPK7546
1007,XAX1258
1008,ANDO1381
1009,DBHC5534
1010,DBHC6182
1011,ASGA3139
1012,DBYC1471
1013,BRSD8150
1014,BCMH1704
1015,DABY2112
1016,WSP1295
1017,LOON3966
1018,DP1938
1019,LRKM3562
1020,CSTD4503
1021,LATR8968
1022,TNDA1024
1023,WLGN1809
1024,WLGN8613
1025,BL16905
1026,EYQN7857
1027,WLK1946
1028,LATT4893
1029,TH3070
1030,CRCH1057
1031,ORRL9824
1032,ORRL9825
1033,ORRL9831
1034,ORRL9835
1035,WLGN1112
1036,CST50121
1037,ASTG7673
1038,GRKS3804
1039,ICO4215
1040,LNPE9992
1041,CTCI5646
1042,ONAW6392
1043,COGL1054
1044,BRYS4352
1045,VRKG8405
1046,LRKM4776
1047,EBND4336
1048,LKF1668
1049,THRE3482
1050,WDLN1130
1051,EBND6621
1052,BRAY3515
1053,ENDE4183
1054,LATT5128
1055,ZPCD4053
1056,DBYH1458
1057,BYIL4809
1058,CHLH3446
1059,TRNT4797
1060,ORNE2880
1061,ORNL6142
1062,TH4269
1063,BKWT2841
1064,HIDN5262
1065,LRKM5278
1066,DBHC4739
1067,TRPT2361
1068,BRAY5746
1069,FTYS1005
1070,MLWP4942
1071,ZLD1114
1072,ARGD6367
1073,FRIS1861
1074,MCRW3270
1075,CST50124
1076,HE5061
1077,PRGF1134
1078,DBYH1099
1079,BNZC5652
1080,LFMF9242
1081,EBND6491
1082,FOME1300
1083,AR2315
1084,DBHC5657
1085,DBYH8366
1086,IRD10076
1087,LNPE7582
1088,LNPE7594
1089,FNDS3311
1090,LXZL1067
1091,WADL1704
1092,WADL6209
1093,ZPCD6185
1094,ANDV4860
1095,BRSU1014
1096,LKF1744
1097,ANDV4231
1098,GRCK2155
1099,TRNT5573
1100,OCBP1041
1101,GRYL4393
1102,ORNL9080
1103,WRSE1155
1104,BCMH4366
1105,MLWP4224
1106,FOME1310
1107,LATR1820
1108,ORNE1954
1109,ORNE2028
1110,RIH1000
1111,SY0147
1112,WHI7841
1113,CST50120
1114,LTTN5064
1115,TADN3152
1116,AR2298
1117,AR2324
1118,HVOA6132
1119,NDPH1319
1120,HLDS6049
1121,BDFL1050
1122,DBYC3188
1123,TBL1625
1124,TADN3955
1125,ALTL2381
1126,EFMG1145
1127,LRKM3742
1128,BAYI4946
1129,HF6633
1130,SDZ1163
1131,DBHC7089
1132,EFMG1332
1133,LRKM4497
1134,EBND5838
1135,NPQH1029
1136,WDLN2265
1137,RDBS1237
1138,ALTH3526
1139,DP1915
1140,MUK1072
1141,AJHS2049
1142,MNQ1985
1143,ZPCD3098
1144,ORIS3328
1145,AHP1048
1146,AHP1049
1147,IXA1066
1148,JFI10036
1149,JFI10053
1150,BL24178
1151,LNPK3651
1152,OPHL2406
1153,FRNY1360
1154,LFMF4527
1155,BLMK1248
1156,GOLV3505
1157,IVBX1141
1158,TH2623
1159,LFMF9241
1160,CRCH1058
1161,GOLV5218
1162,OREL3201
1163,BYST2634
1164,RDBE2784
1165,BWN1012
1166,LTRN1940
1167,BL2483
1168,HWC1061
1169,KUI6422
1170,MOUT1260
1171,GRKS7177
1172,ALTH3752
1173,FTYS1042
1174,FTYS1043
1175,WLFR4967
1176,HRFE1044
1177,HKR12681
1178,OREL3256
1179,THVE1033
1180,DBHC3318
1181,GOLV5220
1182,VRKG8399
1183,CHLH4206
1184,SYTI1102
1185,BMFR1813
1186,LGLY5229
1187,AHP1072
1188,IXA1096
1189,IXA1113
1190,ANDV1845
1191,WLSG6544
1192,LNPK1115
1193,TRPT6674
1194,LFMF3165
1195,EFMG2800
1196,BL24182
1197,DABY7611
1198,LOON7281
1199,THVE1072
1200,ALTL3364
1201,GRCK2154
1202,GRKS1376
1203,IVYB2647
1204,MUK1075
1205,ENDE2097
1206,BRYS8306
1207,ORNE2005
1208,MXF10002
1209,REZF1133
1210,LGLY6120
1211,MIPN2033
1212,PRGF1473
1213,UNRS6010
1214,DBYH8024
1215,LNPK3114
1216,HKR10545
1217,HQK1834
1218,WI2897
1219,ZQT1039
1220,ALCT5975
1221,TRNT1590
1222,DRBC7817
1223,WLGN4754
1224,WRSE1792
1225,KUI3086
1226,AMCN1091
1227,DTKA1389
1228,QB2376
1229,MITN3171
1230,MITN3211
1231,EQF10011
1232,WRMG5522
1233,EFMG1152
1234,ICO2351
1235,HKR12332
1236,WLDM1007
1237,HRBD1307
1238,STSS5316
1239,DRBC2328
1240,LOON8879
1241,SCTL1367
1242,MUK1071
1243,LGLY5649
1244,ORNE3749
1245,ORNE8494
1246,OAWY4022
1247,LNPK1942
1248,BRWT3177
1249,EFMG1319
1250,MROW5255
1251,DBHC7378
1252,LTDR6018
1253,LOON2744
1254,UNRS5422
1255,XHX11151
1256,CSTD2883
1257,ALCT1566
1258,WADL8691
1259,HVOA7036
1260,VESS1000
1261,RDBS5911
1262,DP1611
1263,LNPE9905
1264,VVRO5737
1265,LNPK5277
1266,OREL2560
1267,RDBS8991
1268,MNQ2741
1269,ZPCD4347
1270,DRBC1948
1271,BHAS1035
1272,THRE2890
1273,VARK1293
1274,TRPT6103
1275,NEX1248
1276,ZPCD4643
1277,HVOA6190
1278,HRFE1053
1279,ORNL6144
1280,GOLV1741
1281,GOLV1809
1282,WLFR8254
1283,CST51081
1284,IDZI1019
1285,TH4121
1286,LNPK5515
1287,ZIPC8285
1288,PLFC1035
1289,VVRH1160
1290,OREL3198
1291,WDLN3367
1292,LTDR3355
1293,CBBR1665
1294,DP2035
1295,DP2036
1296,JFP1340
1297,NTJS1020
1298,DP1567
1299,ALTL2347
1300,BCHH6456
1301,DRBC5089
1302,LATT1370
1303,TNDA1004
1304,BCHH6946
1305,BRSD2066
1306,LTRN3994
1307,LNPK8053
1308,LKF1662
1309,WADL6208
1310,RDBS2890
1311,WLGN4312
1312,CVV5404
1313,CVV5419
1314,MDT1266
1315,OREL9187
1316,XAX1244
1317,NDDE1018
1318,NDDE1024
1319,BCMH3490
1320,OAWY7814
1321,BRAY8041
1322,CSTD5530
1323,LTRN4126
1324,LTRN4127
1325,MNQ2570
1326,CSTD7083
1327,GOLV1815
1328,DBYH8009
1329,GRKS4073
1330,MITN3084
1331,WDWY1189
1332,XJA1517
1333,MITN2365
1334,BCHH1537
1335,CRCH1068
1336,FRIS2024
1337,MCRW1734
1338,ZIPC3988
1339,IXA1082
1340,VRKG8395
1341,JFP1927
1342,LFN2007
1343,OPHL2428
1344,WRLO2324
1345,DBHM5733
1346,DP2038
1347,QBMM1048
1348,BCMH5013
1349,STSS5317
1350,MCCE1233
1351,VARK6159
1352,VARK6769
1353,WLK1901
1354,LNPK3650
1355,THVE1079
1356,BYDT1661
1357,DBYH7009
1358,ORNE1658
1359,ORNL6149
1360,STSS7080
1361,WLK1906
1362,LTRN3296
1363,DRBC8880
1364,ASTG7680
1365,BBKC1072
1366,FPRF1097
1367,HKR13159
1368,HKR9636
1369,LNPK6594
1370,OCBN1272
1371,VARK7630
1372,ANDV4685
1373,DP2042
1374,FSGP1019
1375,LRKM4767
1376,MUK1070
1377,DBHC5683
1378,DRBC5090
1379,GCEO2764
1380,RDBL3084
1381,KFBS1019
1382,ACOT7519
1383,CHRL7321
1384,TINS1084
1385,VARK6855
1386,VRKG7241
1387,WHI2607
1388,TADN3423
1389,FVD2028
1390,WLK1903
1391,BOME1533
1392,HKR13099
1393,BSTU6177
1394,CSWY2208
1395,WNHS1328
1396,LKF1586
1397,ALCT5123
1398,DBYH8371
1399,WADL8330
1400,WDLN3863
1401,BWN1013
1402,DBHC9092
1403,HLDS4055
1404,ZIPC2363
1405,HRBD1314
1406,CSTD5143
1407,WLK10026
1408,UNRS5748
1409,ZPCD6190
1410,SAU1536
1411,ZIPC2539
1412,HSHM2074
1413,OPHL2425
1414,OPCO6575
1415,RDBA8210
1416,EBRD8159
1417,LATR8719
1418,DP1930
1419,QSI1801
1420,EFMG1350
1421,MCRR5227
1422,RFD2524
1423,HKR7644
1424,LOON4627
1425,LOON4679
1426,DABH1218
1427,ORIS3326
1428,VGX10010
1429,BCHH9296
1430,NPQH1111
1431,GNT14619
1432,WHI2608
1433,DBHM3633
1434,DRBC6069
1435,ZIPC1452
1436,HMRT3508
1437,QSI1912
1438,FWC1303
1439,LOON4161
1440,QSI1537
1441,SJDX1006
1442,QSI2670
1443,AHP1084
1444,IXA1048
1445,IXA1057
1446,MITN1094
1447,ZIPC4892
1448,FNT1211
1449,ALCT4225
1450,CSTD5033
1451,EBDG3767
1452,ZIPC8601
1453,UNRS7980
1454,CSTD7082
1455,GRKS4088
1456,ORBA1132
1457,DTKA1438
1458,DTKA1446
1459,DTKA1453
1460,DTKA1459
1461,LTDR5384
1462,TNDA1006
1463,ANDO2831
1464,UNRS6288
1465,BRYS4981
1466,BCHH7632
1467,DBYC1470
1468,DBYH8012
1469,GRKS7096
1470,ADML1072
1471,ORNL2251
1472,LKF1652
1473,DP10061
1474,OREL1293
1475,ORNE1545
1476,BKWT8268
1477,CMPT1238
1478,MXF1866
1479,LDER1608
1480,ZIPC4511
1481,WI2900
1482,ONAW4429
1483,NPQH1078
1484,ORNE2882
1485,TRPT5703
1486,DRBC7969
1487,DBYH4308
1488,LNPE1686
1489,LNPE4732
1490,SYPL6168
1491,QDY1911
1492,WI2912
1493,LRFY3064
1494,LRUN1008
1495,QSI1908
1496,TRNT5033
1497,DBHC6609
1498,HKR12412
1499,LNPE9906
1500,LATT5095
1501,DBYH3367
1502,MLWP4875
1503,MROW7997
1504,RDBS7533
1505,BCMH5385
1506,EFMG2957
1507,AMCN1038
1508,DBYH8005
1509,LOON5074
1510,LOON6133
1511,WP2492
1512,ORIS3308
1513,OAWY4024
1514,AR2301
1515,TBL1740
1516,HS1475
1517,DUKZ1219
1518,OAWY4023
1519,OPHL2107
1520,FFC5657
1521,GRCS4146
1522,AAOR1000
1523,STSS7814
1524,EBND1803
1525,TH4583
1526,DBYH8367
1527,TRPT4985
1528,LKF1752
1529,IVYB1900
1530,DTKA1422
1531,MXHO1631
1532,ORNL7794
1533,VVRH1028
1534,ASGA2437
1535,ASGA2513
1536,ASTD3744
1537,ASTD3751
1538,VHME1047
1539,THRE4533
1540,LGLY6917
1541,FTYS1011
1542,FTYS1014
1543,LTTN3462
1544,NEX1170
1545,NEX1247
1546,AR10030
1547,BNRS7517
1548,CSTD1892
1549,UNOR1506
1550,LRFY2499
1551,TRNT4819
1552,TH4893
1553,HVOA5951
1554,ROHE7759
1555,FNT1131
1556,FNDS4044
1557,TINS1014
1558,AAGE1017
1559,AAGE1020
1560,PIAN1079
1561,WDLN3862
1562,DABH2001
1563,JFP10009
1564,DBHC7843
1565,ONAW4102
1566,CHRL5402
1567,HO5553
1568,STSS5149
1569,MCRW4596
1570,INLD1004
1571,TRNT5054
1572,DACD1177
1573,BLD1347
1574,AMCN1092
1575,LATD3305
1576,GNT14616
1577,VARK7087
1578,XHX11047
1579,VKGL2050
1580,OREL4718
1581,IVYB8221
1582,ORNE6573
1583,GRKS7680
1584,BCMH4371
1585,BRSD3477
1586,LNPE7399
1587,QSI1840
1588,ANDO2315
1589,BAYI4947
1590,HKR11699
1591,GRKS8319
1592,ALCT5122
1593,CST41782
1594,EBRD3205
1595,AMCN1050
1596,BQFT1153
1597,EBND6392
1598,IRD1861
1599,LATR3312
1600,LTDR8251
1601,EOZ10008
1602,UNRT1733
1603,LTTN2293
1604,WI2910
1605,DABH2006
1606,HKR13287
1607,QSI1844
1608,LGLY6741
1609,BRYS1338
1610,XSN1494
1611,VARK1189
1612,BYDT2476
1613,CSTD5520
1614,AR2219
1615,WI2907
1616,GRCS2778
1617,TRPT6669
1618,ZQT1033
1619,FNT1218
1620,LTDR6911
1621,QB2172
1622,GCEO2779
1623,ORNL7768
1624,OREL3190
1625,BGLS7250
1626,SVTN2087
1627,BL22721
1628,CST12361
1629,LATR7785
1630,CST16194
1631,HKR11246
1632,HKR9044
1633,MITN3743
1634,ONAW5408
1635,LKF1754
1636,QSI1800
1637,ASGA3136
1638,CHRL7323
1639,MTNA2167
1640,IRD3471
1641,AMCN1076
1642,RCLF1586
1643,GAOK6226
1644,EBRN1346
1645,FVD10002
1646,LMDW1090
1647,BYDT1660
1648,MRCC1016
1649,BDFL1034
1650,LNTS6536
1651,ARGD3429
1652,FPRF1135
1653,WI2901
1654,BHT4427
1655,BHT4461
1656,LKF1753
1657,LOON6960
1658,GRKS5826
1659,CBBR1667
1660,FRNY1378
1661,FRNY1381
1662,ICO3903
1663,FOW1880
1664,WDLN1424
1665,HO6464
1666,QSI1876
1667,WLFR5424
1668,DABH1219
1669,STPF1160
1670,LFMF1615
1671,VRKG6444
1672,DRBC8892
1673,IXA1086
1674,LNPE7591
1675,SYPL6378
1676,AR100000
1677,LRKM5063
1678,WP2481
1679,ORIS2798
1680,TINS1015
1681,LATT5467
1682,LRKM3638
1683,AGGR8705
1684,HKR13149
1685,STSS6383
1686,LRUN1015
1687,WLK10056
1688,THVE1080
1689,HGLN2907
1690,BSTU1500
1691,FWC1071
1692,VRKG8391
1693,VRKG8394
1694,GOLV5870
1695,CSTD5949
1696,QSI1901
1697,IVBX3231
1698,SYTI1098
1699,HKR11534
1700,ALTL2349
1701,HF6634
1702,WDLN3997
1703,LRUN4424
1704,VVRH1121
1705,QSI1829
1706,BBMT8548
1707,GRCS6103
1708,UNRS6746
1709,DBYH8019
1710,FRIS1916
1711,WADL9323
1712,AMCN1074
1713,AUGV2331
1714,QSI1534
1715,BRAY6830
1716,EFMG1151
1717,FAGN1075
1718,MITN2078
1719,WP2491
1720,ORIS3336
1721,MOUT1256
1722,DABH2535
1723,DBHC9074
1724,GCEO2770
1725,LATD3287
1726,ALTH3530
1727,CAGY1969
1728,CAGY2017
1729,CAGY3545
1730,LOON4234
1731,DBYC3186
1732,AAMD1077
1733,CSWY1172
1734,HKR13218
1735,AGRV1352
1736,AGRV4923
1737,MDT1588
1738,LARK8557
1739,GOLV2606
1740,GOLV3158
1741,DBYH8537
1742,ALTL2452
1743,CST7193
1744,LOON4415
1745,TRPT6230
1746,WLSG2983
1747,DBHM2428
1748,DBHM2429
1749,DBYC1717
1750,LOON4203
1751,ORIS3261
1752,LGLY7446
1753,GOLV1813
1754,POHM1239
1755,DSGN1007
1756,NPQD1525
1757,ORNE1244
1758,WDLN1329
1759,WRME3721
1760,ZIPC4324
1761,LATR7919
1762,BYDT1619
1763,BBMT4964
1764,WLSG3589
1765,BYDT1662
1766,QB10012
1767,LATR7959
1768,FRQQ1007
1769,QO1691
1770,TXR3118
1771,FSGP1026
1772,LOON2400
1773,MNCM4451
1774,UT3501
1775,JECO1074
1776,JECO1080
1777,AR2218
1778,EFMG1318
1779,WLFR2937
1780,LNPK4862
1781,HVOA1981
1782,LATD2481
1783,ORNL7784
1784,VVRH1003
1785,FVD1452
1786,HODE1025
1787,BYST8856
1788,CSTD5205
1789,CSTD5585
1790,HRFE1045
1791,PLFC1049
1792,CHLH3447
1793,PBWD1021
1794,ANDO1860
1795,DBYH1484
1796,QSI1826
1797,MNQ2913
1798,TBGL1417
1799,WLSG3604
1800,AR2304
1801,GRYL4631
1802,LNPE7393
1803,EBRD5188
1804,LDER4015
1805,AHSU4319
1806,WDLN3097
1807,OREL9160
1808,EBND5323
1809,LNPE8970
1810,OCBN1270
1811,ACF1148
1812,HAZE1839
1813,TADN4678
1814,HMRT3426
1815,LATR8027
1816,AR10018
1817,ENDE5690
1818,GRCK1941
1819,LTTN2865
1820,HMRT3481
1821,NEX1187
1822,ANDV4816
1823,MLWP4874
1824,BL15256
1825,LNPE7429
1826,ALTL4436
1827,TRPT5929
1828,ENDE2101
1829,ORIS3332
1830,GCSR1094
1831,GUS1822
1832,TCTE1107
1833,TH10160
1834,HVO76219
1835,MRCC1048
1836,KBHJ1078
1837,DBHC7233
1838,HMRT3518
1839,TRNT1591
1840,WI2906
1841,BNZB2052
1842,LTTN1728
1843,ASLO1001
1844,ORNL4580
1845,UNRS3612
1846,BBJQ1004
1847,LRFY4709
1848,CAGY4531
1849,CAGY4532
1850,CAGY4849
1851,BRSD5385
1852,WLK10084
1853,FFC5660
1854,HE5060
1855,HE7905
1856,THPS2730
1857,WNPR6889
1858,BBMT4968
1859,GRKS3313
1860,WP2387
1861,WP2474
1862,ORIS2689
1863,CSTD6024
1864,XTBG1216
1865,DTKA1408
1866,UNOR1195
1867,UNRS5841
1868,VVRH1483
1869,EBDG1051
1870,EOZ10006
1871,TNDA1009
1872,SEHO3804
1873,DBHC1723
1874,SM2476
1875,HVOA1983
1876,NPQH1088
1877,XSN1450
1878,XTBG1581
1879,FRNY1363
1880,HANN1418
1881,HMRT1232
1882,RSDP1343
1883,TQG1371
1884,CSTD5500
1885,GNT13349
1886,DRBC8881
1887,LFMF9228
1888,LOON5288
1889,DP1873
1890,HE8017
1891,PA1314
1892,RDBT6098
1893,LATD3277
1894,LNPK1045
1895,QSI1922
1896,DUKZ1246
1897,WP2388
1898,MNQ2827
1899,UNRS6480
1900,VVRH1172
1901,BCHH7587
1902,LFN1882
1903,CST16945
1904,AHUK1000
1905,EBND6602
1906,FNDS2308
1907,LTDR6575
1908,HKR10099
1909,HKR10904
1910,GRYL5387
1911,CSTD6229
1912,HKR11207
1913,HMC1627
1914,MNQ2912
1915,LRFY7399
1916,BYST8314
1917,CSTD5034
1918,DTKA1282
1919,TH10006
1920,BRAY3884
1921,CSTD3288
1922,KUEE1023
1923,MLWP4241
1924,TADN4062
1925,WLSG2942
1926,CST50126
1927,RDBL3619
1928,HE5059
1929,LNPK2957
1930,BWN1006
1931,DP10018
1932,MDT1098
1933,FNDS2596
1934,IVYB8295
1935,LGLY5935
1936,UNRS6943
1937,WNPR5037
1938,HKR9161
1939,DBHC6340
1940,LTRN1925
1941,AMCN1072
1942,BKWT6605
1943,AR2287
1944,DTKA1462
1945,OCBN1269
1946,ORLS2419
1947,BCHH8922
1948,TRPT5273
1949,DBYH8372
1950,PATV1008
1951,MXF1865
1952,GCSR1091
1953,ORNE1616
1954,ALTH7252
1955,RDBE3318
1956,RSH1002
1957,ORLS4433
1958,FSGP1025
1959,AMCN1093
1960,AMCN1094
1961,AMCN1095
1962,ORNL2237
1963,FPRF1182
1964,LTDR4043
1965,GRCS7333
1966,ORRL9844
1967,STMH6291
1968,LGLY4398
1969,EFMG2959
1970,LNPK1055
1971,HVHN1171
1972,LIVO1030
1973,DBHC7228
1974,DRBC8894
1975,DTKA1289
1976,HBEE7924
1977,LOON3575
1978,DP2033
1979,DP2034
1980,LDER3986
1981,ZIPC8005
1982,STSS2614
1983,STSS5413
1984,BDI1419
1985,HKR12442
1986,WADL2763
1987,KFBS1301
1988,LFN1526
1989,XQP1344
1990,LOON1630
1991,FFC5662
1992,DRBC1838
1993,HKR12313
1994,ANDV3148
1995,GNT2351
1996,AVLH1007
1997,TCFN1013
1998,CST1706
1999,WLK10093
2000,KUI6453
2001,TH4622
2002,DP1816
2003,MTFD1024
2004,THPS2042
2005,VGX10131
2006,BNZB2086
2007,DBYH2192
2008,OREL4715
2009,DBYH2101
2010,ACOT3846
2011,AHSU4290
2012,MOUT1257
2013,WLGN4856
2014,ZIPC1485
2015,ROSP1171
2016,ZPCD6682
2017,BGLS7062
2018,BB1314
2019,LGLY7445
2020,TRDS1296
2021,BRAY6191
2022,FNDS1760
2023,QZYC1240
2024,BRSD1963
2025,BLMK8159
2026,DTWT1001
2027,WLGN7851
2028,MCRR7183
2029,AGGR8331
2030,GRKS6159
2031,LOON4215
2032,LOON6981
2033,MITN1101
2034,LTRN1517
2035,GCSR1243
2036,HQK1739
2037,GRYL4747
2038,DP1971
2039,LTTN1538
2040,MJI1074
2041,RSH1007
2042,MF2484
2043,NPN2321
2044,RBSD3684
2045,STSS1099
2046,TRNT3810
2047,DVKT1271
2048,FOW10382
2049,CSTU1517
2050,BRAY7392
2051,XHX11324
2052,FNDS2597
2053,LFMF1472
2054,DRBC3528
2055,BSTU4836
2056,BRSU1013
2057,GOLV3667
2058,CCTK1526
2059,GCEO2741
2060,GRCS5376
2061,EYQN2054
2062,GOLV1735
2063,GNT13469
2064,EBDG3769
2065,FTYS1002
2066,BNZB2076
2067,BRSD4133
2068,BCMH5387
2069,BCMH5383
2070,ORNE7220
2071,ORIS2706
2072,HAZE2262
2073,LTRN3493
2074,QSI1877
2075,AR2308
2076,ZIPC8600
2077,DBHC5950
2078,WHI7236
2079,BMFR1265
2080,EOZ1008
2081,WADL4291
2082,LTTT1267
2083,SKDE1022
2084,NPN2234
2085,DRBC3375
2086,FNT1212
2087,HKR7260
2088,BRAY7388
2089,UNOR1399
2090,LATT3156
2091,LATR7635
2092,ORNL7792
2093,HKR9405
2094,BCHH8400
2095,UNOR1379
2096,JFI4096
2097,DP1867
2098,BGLS7052
2099,MF10004
2100,LOPK2965
2101,HMC1793
2102,CST14326
2103,TH4138
2104,LNPK8862
2105,IVYB4260
2106,TRNT4027
2107,TRGS1034
2108,RDBS1301
2109,LOON1763
2110,FOME1293
2111,CST12363
2112,GRYL5286
2113,VBCT1161
2114,IVYX7130
2115,QSI1929
2116,ROHE4636
2117,BRAY3864
2118,WDLN2267
2119,BNZB8291
2120,HKR12315
2121,ZIPC2266
2122,DCRN4747
2123,LDER3979
2124,FNT1086
2125,GOLV5214
2126,BLMS4268
2127,OAWY7848
2128,MUK1080
2129,MNQ3025
2130,ORNE6812
2131,VRKG1092
2132,TRPT1082
2133,FPRF1084
2134,AHOM1080
2135,WADL6170
2136,BB1297
2137,BB1309
2138,XQP1365
2139,ZLD1190
2140,ANDV2754
2141,AGGR8332
2142,GRKS7176
2143,CCTK1389
2144,FTGW1159
2145,KFBU1059
2146,ZIPC3560
2147,WLGN4366
2148,LTTN1638
2149,GCSR1093
2150,FVD10024
2151,LTRN1509
2152,GRKS7590
2153,BNZC5119
2154,IVBX1832
2155,ORNL9077
2156,HE8019
2157,WRME3719
2158,CVV5396
2159,GOLV2061
2160,DP1845
2161,DP1879
2162,EFMG1329
2163,WLK10048
2164,ZIPC8193
2165,ZPCD2912
2166,WDMG5022
2167,WDMG5023
2168,AL0504
2169,LATR7840
2170,TDD1023
2171,AR10009
2172,OREL6646
2173,THRE3645
2174,UNRS3478
2175,DTKA1285
2176,ARGD2892
2177,HKR12242
2178,BHT10035
2179,BHT10036
2180,GCSR1275
2181,NPN2233
2182,STSS1106
2183,STSS1118
2184,XSN1228
2185,LTN3613
2186,EBRD3200
2187,HVOA4860
2188,KBHJ1106
2189,BWN1033
2190,SNPN4247
2191,WHI6793
2192,LNPK2983
2193,EFMG1360
2194,CST14327
2195,DP2041
2196,DBHC7092
2197,SSHM1024
2198,HMRT1230
2199,FRIS1865
2200,AADE1035
2201,BYDT1658
2202,GOLV1726
2203,ZIPC4325
2204,SSHM1007
2205,TBGL1270
2206,LKF1760
2207,MCRW7512
2208,HODE1088
2209,FNDS2593
2210,BRSX1926
2211,OREL2629
2212,KFBS1478
2213,LRKM5485
2214,GOLV3668
2215,GOLV5171
2216,AGGR2675
2217,CAGY2018
2218,ZIPC8195
2219,LGLY5647
2220,NPQH1040
2221,NPQH1280
2222,ANDV1849
2223,HLDS6157
2224,SYTI1081
2225,WP2531
2226,DBYH1460
2227,WDLN2285
2228,ORNE7979
2229,VRKG8390
2230,GRCS3180
2231,LKF1757
2232,OREL5551
2233,RBRS6346
2234,EOZ10029
2235,EOZ10030
2236,DUKZ1354
2237,RDBS5603
2238,SEHO7011
2239,BRAY2102
2240,HVOA7820
2241,DCRN1188
2242,FSGP1031
2243,STSS6379
2244,WLFR4145
2245,DFGE1004
2246,DP1911
2247,DP1952
2248,IVYB8234
2249,RDBT6776
2250,DRBC8896
2251,EFMG1321
2252,HKR7568
2253,TBL1711
2254,TBL1825
2255,VEM1219
2256,VARK1298
2257,AMCN1043
2258,LKF1636
2259,LATT3530
2260,BCMH4368
2261,WRMG2061
2262,LNPK5942
2263,LOON8350
2264,BLMY3191
2265,DBHM3634
2266,PNMR1024
2267,WRLO1914
2268,ZENO1142
2269,LOON5540
2270,HQK1806
2271,LTN3612
2272,VARK7086
2273,HQK1560
2274,SHRL1073
2275,OREL7209
2276,LOON4216
2277,ALTL1620
2278,AR2303
2279,GRCS6105
2280,LNPE3691
2281,LNPE3692
2282,STPF1195
2283,TINS1060
2284,EBRD2713
2285,LOON4918
2286,BL24172
2287,LOON4452
2288,WRME3716
2289,LNPE7564
2290,LNPE7570
2291,BRAY5000
2292,GRYL5393
2293,ORNE4557
2294,MNQ2579
2295,CAGY3728
2296,FLDV9451
2297,LATT3372
2298,RDBA2126
2299,LFMF3098
2300,BDI1505
2301,QSI2678
2302,VARK1701
2303,BGLS7065
2304,TBB1486
2305,WADL5534
2306,LNPK1056
2307,LNPE7432
2308,LNPE7464
2309,LNPE7586
2310,LNPE7605
2311,GRCS6574
2312,ORLS2373
2313,AGGR8330
2314,BNZB2061
2315,BDI1283
2316,GXV1022
2317,TBL1710
2318,TBL1712
2319,ORNL7708
2320,LATD1701
2321,KUI9146
2322,DBAN1145
2323,LATT3790
2324,GOLV5189
2325,LNPE6399
2326,EBRD8186
2327,KUI10178
2328,MUK1076
2329,ALTL4962
2330,BDI1588
2331,HKR11366
2332,ZPCD6907
2333,KUI5197
2334,LTTT1304
2335,TRNT5078
2336,VRKG8400
2337,HE6964
2338,QSI1071
2339,ZLD1042
2340,HRBD1308
2341,LNPE7581
2342,EBRD8188
2343,BGLS7784
2344,THVE1162
2345,IXA1029
2346,IXA1089
2347,IXA1095
2348,BCMH1675
2349,AHSU3735
2350,UNRS2444
2351,DBYC3189
2352,TQG1412
2353,BNZC2754
2354,GRYL7068
2355,EBND4971
2356,UNRT1587
2357,SVTN2341
2358,LDER1607
2359,VKGL2051
2360,ROHE7913
2361,ORNL3632
2362,VRKG8393
2363,STDG1003
2364,LFN1819
2365,LNPE9010
2366,LNPK1149
2367,WRME3715
2368,LATD3273
2369,LGLY7459
2370,ACIP1158
2371,AR10011
2372,DTKA1468
2373,LFN1830
2374,MXHO1670
2375,TYX10160
2376,BNZB2074
2377,BYDT2480
2378,LOON4456
2379,LKF1539
2380,ORNE1778
2381,GRCS1427
2382,EBRD8237
2383,EBRD1945
2384,LKF1748
2385,BOMH1385
2386,BRAY7358
2387,BGLS3066
2388,HMTM1110
2389,HKR13465
2390,LRFY1685
2391,GRKS6441
2392,PKR10014
2393,LNPE7403
2394,GRCS7334
2395,TDD1012
2396,AJHS2042
2397,LOON4488
2398,CBDA1126
2399,OREL3186
2400,CSTU1278
2401,CTCI5660
2402,BYDT1663
2403,FAGN1006
2404,DBHM8256
2405,GRKS6295
2406,TMB1251
2407,WDLN4270
2408,ALLA1086
2409,LATR2945
2410,BYDT1665
2411,UNRS5750
2412,WLSG9713
2413,NEX1245
2414,VARK5062
2415,HVOA6191
2416,VARK6795
2417,RDBL7478
2418,ROHE7926
2419,DP1847
2420,BYST8267
2421,DBHC4741
2422,NWCS1510
2423,QSI1805
2424,QSI1810
2425,RBRS7925
2426,XQK1230
2427,KUI3772
2428,RDBL7471
2429,EFMG1148
2430,DTKA1386
2431,ORNE2859
2432,LTTN4345
2433,WLGN7871
2434,WLGN3266
2435,PBWQ1006
2436,TH4917
2437,ENDE5756
2438,GRKS5375
2439,EFMG1342
2440,EFMG1354
2441,QBMM1030
2442,GNT13857
2443,STSS5151
2444,WP2397
2445,QSI1539
2446,QAA10014
2447,BGLS7054
2448,BGLS7056
2449,RDBL7477
2450,CSTD3292
2451,WADL6560
2452,LGLY3636
2453,BKWT6159
2454,ZPCD6200
2455,WRME2172
2456,RBRS6008
2457,LTRN1944
2458,GRYL6736
2459,EBND6686
2460,FFC5661
2461,LNPK2733
2462,DART1220
2463,ORIS2800
2464,BIM1598
2465,MCRW5389
2466,OREL7071
2467,WDLN4719
2468,TRPT5851
2469,AVBG1031
2470,DTKA1387
2471,BDFL1032
2472,BDFL1051
2473,STPF1155
2474,AHSU5441
2475,WP2494
2476,IRD2289
2477,ALTL4447
2478,DABY7609
2479,DRBC9283
2480,EFMG1351
2481,PKR10038
2482,ALCT5105
2483,GNT14618
2484,FRIS1868
2485,HCOL1163
2486,LNPK2961
2487,YTCH1098
2488,DBHC6427
2489,LDER6822
2490,VVRH1114
2491,GCSR1276
2492,BAYI4942
2493,LOON8342
2494,CHRL7320
2495,WP2386
2496,WP2495
2497,ARN4326
2498,HKR12441
2499,BNZB2091
2500,DSGN1006
2501,LOON5154
2502,AHP1105
2503,DBYH8029
2504,IRD3470
2505,PKR3284
2506,GCEO2788
2507,HMCO2010
2508,EBRD3353
2509,LFN2006
2510,GOLV5806
2511,ONAW6037
2512,RVF7691
2513,BRYS3707
2514,RCLF2861
2515,MDZD1009
2516,VKGL3452
2517,EBDG3980
2518,LNPK5483
2519,LOON8338
2520,LOPK5520
2521,MLWP2452
2522,LOON4469
2523,CSTD3158
2524,TMA1960
2525,XQS1580
2526,AMCN1022
2527,AMCN1061
2528,EPCH1041
2529,FNT1014
2530,GRCS6641
2531,GRCS6643
2532,ANDV2406
2533,LFN2025
2534,BSTU2197
2535,ORNL2642
2536,MXF10034
2537,MXF10036
2538,MXF10040
2539,PT0199
2540,ZPCD5659
2541,GMHD1085
2542,NEX1184
2543,DP1819
2544,SYTI1105
2545,GRYL4634
2546,HZEL5939
2547,DUKZ1206
2548,ICO3049
2549,BCHH1551
2550,RDBA2433
2551,TQG1051
2552,TQG1063
2553,LNPK8938
2554,MCRW1752
2555,BLMT8601
2556,BNZB2075
2557,LOON2708
2558,LOPK5258
2559,BNZC7662
2560,AMCN1075
2561,CSTD3293
2562,WLSG3610
2563,LD10009
2564,LTDR4671
2565,FWC1183
2566,THPS3689
2567,HAZE2802
2568,NPQH1031
2569,NPQH1149
2570,VVRH1117
2571,BRAY7369
2572,DABH2811
2573,BKWT7093
2574,LNPE8258
2575,AAMD1078
2576,MITN2257
2577,DRBC1947
2578,DABY4988
2579,HBYZ1019
2580,QBMM1026
2581,HAZE2806
2582,DBHM2400
2583,HE5062
2584,FDC10002
2585,ROSP6370
2586,WLGN4855
2587,GKHF1144
2588,EYQN5331
2589,ORRL9808
2590,STSS6593
2591,LOPK5255
2592,TRPT6648
2593,HMC1790
2594,TADN4418
2595,LOON4458
2596,HMRT3520
2597,SVTN2113
2598,TRNT3836
2599,FPRF1073
2600,ANDV4821
2601,DRBC2327
2602,LNPE8987
2603,MLWP4916
2604,XSN1451
2605,BRAY8040
2606,ORRL9814
2607,AAJE1573
2608,BRSD3467
2609,IXA1080
2610,IXA1081
2611,KRDI1261
2612,KRDI1262
2613,KRDI1263
2614,TMA1785
2615,TMA1804
2616,FFC5663
2617,NDDE1000
2618,BCHH6446
2619,FRIS1902
2620,WRSE1630
2621,EBND4161
2622,BDI1589
2623,WLAO5011
2624,DBYC1695
2625,LATT3532
2626,HVOA0104
2627,GKHF1033
2628,ARGD2902
2629,ARGD2945
2630,STSS6382
2631,WP10019
2632,AHP1054
2633,ALTH3525
2634,DP2032
2635,WADL6523
2636,BYST5755
2637,BKWT7635
2638,GRYL5026
2639,GCEO2786
2640,BNZB2067
2641,FRIS1911
2642,LATU1451
2643,BLMY3966
2644,FLLA1002
2645,GRCS1436
2646,LDER6821
2647,ORNL6423
2648,DBHC9044
2649,MLWP4598
2650,GRKS6826
2651,WTLE1157
2652,AHSU5429
2653,BNZB8283
2654,BCMH4369
2655,HKR11539
2656,VARK1702
2657,BDFL1036
2658,OPCO6574
2659,WDLN4706
2660,TNDA1023
2661,ORNE1976
2662,NDSX1006
2663,ORNE1769
2664,CLIV1793
2665,BDFL1061
2666,ASGA3002
2667,WRME3713
2668,LOON1359
2669,ANDV4814
2670,LATR3083
2671,WLFR5383
2672,ACIP1159
2673,WLK10094
2674,CSTD6850
2675,DUKZ1203
2676,HQK1322
2677,GRCS7335
2678,RLJM1192
2679,DBYH8010
2680,WDLN4717
2681,LNPK8944
2682,WP2479
2683,LATR8026
2684,ASTG6648
2685,PRGF1478
2686,ORNE1398
2687,ORNE1470
2688,WRLO8083
2689,WADL2295
2690,AGRV2229
2691,DBYH3366
2692,LFN1583
2693,BDFL1052
2694,AHOM1083
2695,BWN1021
2696,HVOA7821
2697,DUKZ1204
2698,XHX10057
2699,DABY1588
2700,DBYH3419
2701,WRME2173
2702,TH4871
2703,EBDG5355
2704,LATD2477
2705,BYST8240
2706,ORIS3322
2707,ORRL9833
2708,ORRL9834
2709,WDLN4397
2710,HIDN4330
2711,TNDA1021
2712,HQK1575
2713,GRCK2554
2714,ORRL9839
2715,ASGA3137
2716,OCBN1271
2717,BRAY6702
2718,LOON8878
2719,WRMG1954
2720,MF10003
2721,AHP1063
2722,FNDS1718
2723,BNZC3081
2724,STSS9087
2725,ZPCD6192
2726,WLGN4364
2727,WADL6281
2728,BDFL1035
2729,ORNE1733
2730,LATD2464
2731,LNPE7442
2732,DBHC6395
2733,WLFR7778
2734,SAU2188
2735,ASTD3035
2736,ASTG1596
2737,GNT2825
2738,WADL8696
2739,CST7189
2740,LATD3275
2741,MLWP4428
2742,LOON4064
2743,XQK1254
2744,EFMG1005
2745,DBHM7882
2746,VVRO5832
2747,ASTG2561
2748,BAYI4973
2749,EBND1804
2750,LATD3222
2751,GOLV3106
2752,DRBC9278
2753,DTKA1171
2754,FOME5787
2755,TMA1801
2756,AHP1053
2757,AJHS2351
2758,BNZB8305
2759,HLDS6219
2760,FRPK1436
2761,AGRV4333
2762,WLDM3679
2763,FNDS2948
2764,FWC1107
2765,LTRN4009
2766,VVRH1155
2767,VVRH1164
2768,EQEQ1249
2769,FDL2444
2770,ANDV4818
2771,AJC10657
2772,ASTD2546
2773,DBHC4738
2774,ORIS3309
2775,DTKA1412
2776,BYST6643
2777,BNZB2065
2778,NPQH1068
2779,UNRS2978
2780,AMCN1083
2781,VKGL1005
2782,CSTD2884
2783,MCRW5392
2784,ACAL1045
2785,BYDT1664
2786,MXHO1517
2787,ORIS2692
2788,ALTL1020
2789,WHI6791
2790,LOON3453
2791,LATT3531
2792,BLMA3508
2793,TDI1089
2794,NPQD1166
2795,VGX4167
2796,LATR1821
2797,BYDT1652
2798,NPQH1042
2799,GRCK2439
2800,ORLS2418
2801,TYX10138
2802,DP10046
2803,BRYS9355
2804,NPQH1090
2805,NDSX1002
2806,ALTH3524
2807,RDBT6518
2808,BNZC7661
2809,DP10038
2810,LOON8340
2811,GRCS6342
2812,ARGD2676
2813,FPRF1131
2814,DBYH8004
2815,LRFY4707
2816,FTYS1000
2817,WSP1044
2818,BHAS1002
2819,XSN1474
2820,SVTN2086
2821,LATR3930
2822,BCHH1558
2823,ATGR4068
2824,DBHC9043
2825,KUI6186
2826,WLGN4365
2827,AUGV2325
2828,STA6601
2829,ZPCD3169
2830,DABH1217
2831,GRKS7185
2832,WP2524
2833,SDZ1082
2834,MXHO1628
2835,VVRH1024
2836,VVRH1025
2837,HGLN2914
2838,HMRT1231
2839,DP1926
2840,DP2030
2841,DP1846
2842,CSTD2889
2843,WLDM8163
2844,STA6910
2845,QSI10225
2846,WDLN3858
2847,ZYMB1004
2848,TRPT6285
2849,FNDS4124
2850,TH10033
2851,WADL9380
2852,STSS5097
2853,LFN1549
2854,ROSP7595
2855,RSPK1962
2856,NEX1249
2857,FNDS2367
2858,BRSU1015
2859,ORNL4627
2860,GRYL4746
2861,HKR10025
2862,MITN2685
2863,BBMT8780
2864,BLMK4956
2865,BRWT8462
2866,GOLV2069
2867,TINS1106
2868,GKHF1051
2869,TBL1510
2870,ORNL7793
2871,LOON7280
2872,TRPT4969
2873,EFMG1150
2874,BCHH8931
2875,WDMG9067
2876,VVRH1442
2877,TQG1263
2878,TNFI1534
2879,UNRT1526
2880,ATGD5584
2881,DRBC1785
2882,BB1308
2883,EQEQ1035
2884,ANDO3713
2885,CST50128
2886,HQK1323
2887,TBL2410
2888,TQG1382
2889,LFN1881
2890,BCMH4988
2891,EFMG1141
2892,VBCT1236
2893,EBRD3164
2894,ROHE7925
2895,LD1172
2896,MITN3428
2897,FNT1172
2898,ATCA1300
2899,ATCA1322
2900,ENDE1153
2901,BAYI6696
2902,LFMF4736
2903,DRBH2070
2904,ALTH4763
2905,BDFL1033
2906,BDFL1048
2907,CBBR1663
2908,GRKS7179
2909,OPHL1087
2910,PRP1167
2911,FOME5880
2912,ORIS3310
2913,OAWY4529
2914,DP2031
2915,GRKS5003
2916,HLDS7862
2917,KBHJ1108
2918,LNPE7452
2919,LNPK8866
2920,ACIP1189
2921,HVOA6192
2922,LOON4467
2923,HLDS7861
2924,BSTU8009
2925,DTKA1394
2926,LX1899
2927,ORIS2675
2928,OAWY4730
2929,AOLL1103
2930,WLSG2062
2931,DRBC9281
2932,TNDA1015
2933,ORNE3972
2934,MTFD1012
2935,TH2603
2936,DBYH1323
2937,CST5739
2938,LTTN5752
2939,LTN3936
2940,LTN3971
2941,AALA1003
2942,NWCS1603
2943,PTID1277
2944,RDBS7655
2945,ORRL9812
2946,FDL2410
2947,FDL2522
2948,LNPE4146
2949,LOPK6592
2950,SCTL1371
2951,FRIS1886
2952,KUI3090
2953,WADL2599
2954,DVKT1275
2955,WDWY1463
2956,ATGR7038
2957,AGRV2233
2958,MCCE1033
2959,ORNL6150
2960,BNZC7936
2961,ORNL7805
2962,TH2595
2963,LATT1661
2964,LOPK4824
2965,LNPE7420
2966,LOON4462
2967,MLWP2533
2968,BNZC7969
2969,WLSG1576
2970,LTN3972
2971,ALTL7865
2972,ALTH3528
2973,FNDS3620
2974,RDBS4085
2975,LNPE8993
2976,CSTD2823
2977,BNZB2089
2978,BYST3862
2979,DUKZ1224
2980,GRCK2096
2981,CST16540
2982,CSTD6617
2983,THVE1078
2984,LGLY6760
2985,SM6774
2986,FRIS2023
2987,LOON4235
2988,SYTI1108
2989,BDI1587
2990,GCSR1102
2991,TMA1597
2992,GNT14611
2993,TCFN1014
2994,ORNL2252
2995,ORNE6713
2996,TDI10002
2997,GCCJ1121
2998,ORLS5306
2999,FPRF1154
3000,ACOT5342
3001,KUI6102
3002,BL16527
3003,MLWP3223
3004,MDAI1193
3005,VVRH1143
3006,EBND4339
3007,KBHJ1077
3008,PHBJ1008
3009,ALTL4974
3010,WLSG3582
3011,VARK6787
3012,BLMA3509
3013,ORNE2026
3014,ZIPC3556
3015,NPQH1050
3016,AJHS2048
3017,FDLL4914
3018,DRBC2325
3019,LFN1837
3020,CSWY1744
3021,VRKG8404
3022,RDBS4304
3023,SZT1313
3024,BRAY6388
3025,ORIS3317
3026,SDFY1884
3027,GOLV4907
3028,CCTK1524
3029,TQG1015
3030,AZZE1012
3031,UNRS2522
3032,LNPE7397
3033,LNPE7400
3034,GRKS1562
3035,DBHC9172
3036,NPQH1101
3037,STMH1171
3038,QB100000
3039,BIM1240
3040,BIM1530
3041,PT0212
3042,OPHL2429
3043,ZIPC8004
3044,LRKM4768
3045,BLD1058
3046,BRBI1638
3047,DUKZ1215
3048,LFN1154
3049,BLD1190
3050,GRKS3901
3051,HQK1636
3052,XQK1298
3053,LKF1725
3054,DBHC7227
3055,LKF1664
3056,GNT13468
3057,ORLS1681
3058,EBDG3773
3059,BL15308
3060,EFMG1143
3061,DRBC3123
3062,CSWY2104
3063,SBHN1013
3064,LNTS3941
3065,DBHM3631
3066,ZQT1034
3067,UNOR1024
3068,FPRF1096
3069,FCQ1512
3070,KMDS5189
3071,NDSX1004
3072,KMDS4737
3073,XQK1720
3074,BSTU2200
3075,UTCB1386
3076,LTTT1039
3077,TYX10266
3078,WLSG3409
3079,FVD2026
3080,HQK1324
3081,HQK1417
3082,MXF10000
3083,ORLS4438
3084,JWP1503
3085,RDBT6777
3086,DP2040
3087,DRBC2088
3088,NEKO1000
3089,STSS1015
3090,BYIL4684
3091,BYIL4686
3092,HKR12314
3093,URRE1227
3094,ANDO2119
3095,LTRN1939
3096,TRNT5519
3097,SDFY2335
3098,HBUA1171
3099,RBSD4823
3100,LOON5053
3101,LATR3911
3102,DUKZ1223
3103,ONAW6500
3104,EBRD3352
3105,OBTQ1031
3106,WDWY1663
3107,ORIS2686
3108,LDER2427
3109,RDBA1160
3110,BNZC5644
3111,AMCN1044
3112,WRMG4615
3113,BCMH4835
3114,HVOA0146
3115,KBLT1117
3116,BDI1520
3117,BRSD4970
3118,BRYS1409
3119,NPQH1097
3120,LNPK3574
3121,FWC1105
3122,LOON5164
3123,OREL3195
3124,TXR10094
3125,WLK10083
3126,BB1192
3127,OSP1382
3128,LDER4257
3129,EFMG1325
3130,IXA1018
3131,IXA1065
3132,GRCS1227
3133,MDT2054
3134,MXHO1526
3135,FNF1111
3136,KUI9191
3137,CNMC1042
3138,QHC7051
3139,RSH1001
3140,TMA1820
3141,MLWP2487
3142,BSTU5722
3143,TINS1061
3144,UTCB1324
3145,UNRS1311
3146,IVYB4259
3147,IXA1084
3148,LTRN3960
3149,BHT4974
3150,TQG1393
3151,LOON4502
3152,RGHC1164
3153,MITN2442
3154,FHND1328
3155,FHND1533
3156,FPLJ3535
3157,FZY1744
3158,AR10000
3159,LNPK3086
3160,UNRT9969
3161,AGGR8696
3162,ARGD2930
3163,NPQH1052
3164,NPQH1080
3165,LE1124
3166,WLDM1792
3167,PKR3292
3168,PKR3294
3169,ZPCD6217
3170,WDLN3222
3171,CST3317
3172,THRE8911
3173,JFI10068
3174,SBHN1011
3175,BWN1014
3176,MITN3040
3177,SJDX1069
3178,HATG1028
3179,AHSU4305
3180,LATT8121
3181,BCWS1084
3182,FPRF1091
3183,HVO71656
3184,LATU1611
3185,SZT1386
3186,ZIPC6075
3187,TRDS1006
3188,CSTD2505
3189,LNPE8989
3190,LNPK1593
3191,LRFY7398
3192,GMHD1185
3193,BRAY3621
3194,BYDT1631
3195,JFI10037
3196,LDER8598
3197,MOUT1251
3198,TINS1054
3199,ORNL6143
3200,CSWY1854
3201,FRIS2021
3202,BSTU3413
3203,ANDV4260
3204,BNZB1085
3205,BOMH1381
3206,BL23496
3207,NPQH1076
3208,DACD1074
3209,ONAW6358
3210,HE8020
3211,MXF10001
3212,NEX1185
3213,VARK7409
3214,BDI1523
3215,TINS1132
3216,FPRF1099
3217,OFN3335
3218,FDL2523
3219,FVD10017
3220,TDI10000
3221,FRNY1361
3222,ARGD6486
3223,DBHC7232
3224,LNPE7720
3225,WXQ10115
3226,DP1939
3227,LOPK3347
3228,LOPK6343
3229,WP2475
3230,WRLO3485
3231,ORNL7710
3232,BYDT1045
3233,LRUN7178
3234,LNPE7396
3235,ZPCD5964
3236,LKF1661
3237,LNPE7454
3238,LNPK8865
3239,EFMG2434
3240,NNCB1022
3241,OREL2591
3242,DTKA1388
3243,ATGR3582
3244,AMCN1058
3245,FPRF1142
3246,LKF1756
3247,NWCS1601
3248,WDLN3334
3249,HIDN5591
3250,LTTN2889
3251,QB2326
3252,GOLV5216
3253,EBDG5354
3254,DBHC9076
3255,ROHE7919
3256,XHX7485
3257,BDFL1049
3258,LTRN1948
3259,BSTU7476
3260,FOW10693
3261,AHSU5430
3262,XHX11813
3263,LYS1310
3264,WLK10092
3265,ORNE8838
3266,SZT10006
3267,BCHH8930
3268,LRKM3699
3269,FOW10384
3270,LFN1839
3271,JMM1306
3272,NCVM1067
3273,NPQH1034
3274,NPQH1066
3275,DRBC6497
3276,VBCT1100
3277,FAGN1070
3278,BRWT2411
3279,LFN1550
3280,LFN1585
3281,LFN2173
3282,BDI1433
3283,DTKA1192
3284,BLMY2983
3285,BNZC7647
3286,DRTY1203
3287,AJHS2044
3288,HE5057
3289,FVD10022
3290,BNZB8231
3291,LTRN3460
3292,RDBS6342
3293,TRGS1033
3294,BYDT1739
3295,MLWP4222
3296,MAS1063
3297,WADL6963
3298,WADL1646
3299,RDBA2125
3300,BNZB2081
3301,SRQ1755
3302,XTBG1582
3303,BNZC1638
3304,SYTI1100
3305,MDT1892
3306,OREL3187
3307,OREL9172
3308,LGLY6889
3309,BLD2290
3310,TDCY1154
3311,DP10035
3312,BRSD7727
3313,ORNE1069
3314,WI2904
3315,GRKS7478
3316,DTKA1409
3317,TRPT5274
3318,UNRS2535
3319,LKF1758
3320,KUI2449
3321,BDI1406
3322,ATGR5511
3323,ORIS2690
3324,BRYS1957
3325,LGLY7135
3326,NPQH1139
3327,DBYH3901
3328,BRAY6189
3329,ORNE2010
3330,FWC1293
3331,BRAY2796
3332,TINS1051
3333,TINS1056
3334,JFI10067
3335,ORIS1708
3336,BSTU2101
3337,FLDV9457
3338,ORIS3334
3339,VARK4636
3340,BRAY1887
3341,STPF1241
3342,ORRL9843
3343,TNFI1508
3344,TDI10001
3345,CST7191
3346,FPRF1141
3347,BRAY1233
3348,EY3651
3349,UNRS8029
3350,LXZL1072
3351,GRKS6286
3352,GMLE1244
3353,CST50119
3354,ATGR5066
3355,LTTN3177
3356,LRKM4499
3357,HKR12337
3358,BSTU1503
3359,CRCH1076
3360,TQG1243
3361,GCSR1562
3362,LOON4681
3363,DP10049
3364,CRCH1077
3365,AJC10461
3366,NPN2235
3367,CDCB1022
3368,EFMG1353
3369,LOON4477
3370,FOW10694
3371,DRBC3530
3372,FNDS3624
3373,TNDA1019
3374,AHP1044
3375,THVE1166
3376,VBCT1169
3377,LXZL1068
3378,DP1872
3379,KBHJ1004
3380,ZIPC8003
3381,VGX10258
3382,IRD10079
3383,BRSU1149
3384,GRKS4589
3385,DUKZ1193
3386,GRKS5816
3387,IDZI1009
3388,LOON4414
3389,TPLL1030
3390,AMCN1003
3391,ARGD2852
3392,MDZD1044
3393,SAU3389
3394,GKHF1054
3395,BSTU1498
3396,ORNE9369
3397,LNPK7545
3398,PKR10009
3399,AHSU4286
3400,AHSU5172
3401,TRDS1027
3402,MNQ2808
3403,MNQ3076
3404,LTTN3593
3405,DBYH8021
3406,SYPL6391
3407,BNZC2820
3408,BNZC2821
3409,BNZC5118
3410,BNZC7047
3411,WLSG3593
3412,WLSG3595
3413,CSTD5960
3414,CSTD5965
3415,BNZD4764
3416,ZYMA1069
3417,BL2799
3418,CST9351
3419,LATD2491
3420,ANDO4662
3421,CSTU1207
3422,LNPE3529
3423,FRNY1364
3424,BTTO1022
3425,JFI2188
3426,PNJH1247
3427,HKR11757
3428,VARK5061
3429,LTTT1298
3430,LNPE7443
3431,ALTL3085
3432,LNPE7465
3433,MLWP4879
3434,HQK1836
3435,GKHF1026
3436,PPCP1970
3437,AJHS2047
3438,LTRN4722
3439,GRCS7613
3440,LTN4076
3441,RARH1065
3442,DABY7612
3443,RBSD3727
3444,FAGN1005
3445,LOON4495
3446,AJHS4765
3447,BXCL1719
3448,DBHC6344
3449,HRFE1073
3450,BLMS4179
3451,WNPO1218
3452,ICXM1014
3453,UT4227
3454,BKWT8395
3455,MLWP3655
3456,ASTG7640
3457,ASTG7674
3458,AMCN1096
3459,BNZB2069
3460,BSTU1461
3461,SCSH1072
3462,SVID1071
3463,DBYH1461
3464,RGHC1096
3465,GRYL5353
3466,BDI1581
3467,AHP1073
3468,OREL2600
3469,AAGE1004
3470,CACQ1012
3471,DRRU1104
3472,WRME2187
3473,DBYH1812
3474,HAZE2801
3475,OPHL2420
3476,FNT1133
3477,DLFN1228
3478,SWTC1006
3479,AGRV1664
3480,NEX1196
3481,PT0087
3482,EKAI1000
3483,FAGN1069
3484,ORNE1855
3485,QB10000
3486,DP10027
3487,VVRH1220
3488,VVRH1225
3489,FCQ1401
3490,OREL9310
3491,DRBH2069
3492,PJV1055
3493,DUKZ1234
3494,BRSU4677
3495,OREL4721
3496,BDI1590
3497,TRPT6663
3498,BDI1276
3499,BRYS4074
3500,CST8281
3501,ORIS3330
3502,MOUT1258
3503,HQK1845
3504,MCRW6480
3505,BNJR1086
3506,HKR10847
3507,SYPL6094
3508,LNPK3056
3509,RDBS1658
3510,WSP1208
3511,BNZB1084
3512,SJDX1096
3513,XHX7617
3514,BCR1329
3515,WLDM8158
3516,BDFL1067
3517,TINS1047
3518,LKF1663
3519,ALTL1621
3520,ANDV4817
3521,LNPE7900
3522,FOME6049
3523,AVBG1032
3524,RDBS7990
3525,AHSU5072
3526,AJHS2356
3527,FRIS1889
3528,OREL2583
3529,FOW3912
3530,TYX10265
3531,ZPCD6349
3532,TNDA1025
3533,PKR3285
3534,MNQ3012
3535,ZQT1028
3536,BNZD4110
3537,TBGL1416
3538,WLSG3580
3539,LATR1732
3540,FNT1071
3541,QDY1598
3542,PKR3293
3543,PA1282
3544,SCTL1364
3545,GCEO2756
3546,LNPE8344
3547,BGLS9389
3548,CVC10016
3549,MCRW7935
3550,AJC10658
3551,TRDS1341
3552,YTCH1030
3553,DBYH7995
3554,CST26501
3555,AVLN1818
3556,BSTU4844
3557,JWP1414
3558,TBL2247
3559,CFWI1333
3560,EFMG1140
3561,HMRT3431
3562,LOPK2843
3563,SYPL2833
3564,IVBX2390
3565,BB1294
3566,MJI10026
3567,WADL6970
3568,AAOR1017
3569,DRTY1221
3570,BTL7047
3571,TDD1006
3572,AMCN1025
3573,LNPK6609
3574,MLWP4504
3575,BDFL1053
3576,GOLV5293
3577,GRYL5386
3578,GRKS5002
3579,WI2903
3580,IVYX2754
3581,OAWY2514
3582,GCSR1572
3583,JMM1201
3584,GRCK1970
3585,TBL2654
3586,FAGN1025
3587,DP10030
3588,BSTU3237
3589,MOUT1253
3590,DP2037
3591,AMCN1087
3592,VBCT1237
3593,TPLL1007
3594,TQG1394
3595,HKR13369
3596,LATD3311
3597,DTKA1444
3598,HVOA1980
3599,BCMH4365
3600,RDBA1158
3601,LYBT1058
3602,AMCN1039
3603,KUEE1015
3604,AMIH1039
3605,FAGN1024
3606,RSPK1470
3607,DRBC9279
3608,WLFR6377
3609,BRAY7142
3610,HKR13270
3611,JWP1512
3612,ASLO1058
3613,BYST8766
3614,ORNE6814
3615,TBL2312
3616,HKR10026
3617,TPLL1065
3618,DP10060
3619,ORLS2375
3620,LATT1826
3621,CST3351
3622,AGRV4886
3623,MCCE1077
3624,WRSE1801
3625,HQK1835
3626,ZPCD6350
3627,UNRS4183
3628,ROCE1026
3629,LD10007
3630,FPRF1059
3631,LNPE7598
3632,QAA2076
3633,WRMG4613
3634,PA1316
3635,DP10037
3636,RDBL7473
3637,LATT1829
3638,STSS2612
3639,CSTD2887
3640,VARK7565
3641,TRPT5704
3642,GCSR1573
3643,ROHE4113
3644,DRBC9282
3645,TMB1270
3646,BSTU4835
3647,BKWT6154
3648,LNPK1717
3649,FDC10001
3650,ORIS3312
3651,NPQH1127
3652,ORRL9891
3653,LTN3866
3654,MRCA1544
3655,NDAC1029
3656,LNPE8907
3657,BDFL1046
3658,MITN2523
3659,MXF10003
3660,SYTI1094
3661,QSI2577
3662,GBVH1236
3663,WLDM8160
3664,WRMG4614
3665,AMCN1045
3666,DP10044
3667,ONAW3695
3668,HMC1563
3669,FOW3911
3670,MAS1094
3671,ORNE8841
3672,BLD2202
3673,FFC5659
3674,BRSU3942
3675,TDFG1521
3676,IXA1037
3677,AUGV2324
3678,HVOA7818
3679,IVYX1659
3680,WADL6559
3681,BGLS7608
3682,FOW10383
3683,HIDN6347
3684,AGRV4872
3685,BHT4905
3686,EFMG1343
3687,PRGF1477
3688,WLSG3584
3689,BDI1583
3690,MCRW4597
3691,UNRS1185
3692,DTKA1410
3693,GCDR1275
3694,DAVM1704
3695,GXV1163
3696,JWP1437
3697,BDI1372
3698,ORRL9815
3699,TH10187
3700,KUI6146
3701,DSGN1016
3702,FNT1134
3703,ORNL6657
3704,WLGN1871
3705,GCEO2766
3706,CAGY3546
3707,TQG1016
3708,FPRF1087
3709,CLIV1804
3710,NDPH1516
3711,FAGN1055
3712,VVRH1628
3713,BNZB2095
3714,LATU2030
3715,LDER7453
3716,MITN2524
3717,RDBA8209
3718,AMCN1021
3719,NPQH1072
3720,LATR3411
3721,ICO3197
3722,GRCK1289
3723,GRCS3031
3724,GRCS6104
3725,DBYC3183
3726,BYST1641
3727,DBHC7234
3728,BNZC3451
3729,NPQH1131
3730,RDBE3313
3731,DABH2534
3732,LTTN2864
3733,LXZL1069
3734,UCWJ1004
3735,AHOM1063
3736,ORNL7781
3737,LNPE8971
3738,LTRN1938
3739,ORNE3577
3740,HKR11829
3741,JWP1331
3742,PRGF1163
3743,BDFL1031
3744,TINS1049
3745,AZZE1005
3746,PKR3316
3747,BRSD4132
3748,ORNL7763
3749,LOON5328
3750,GOLV1803
3751,BYST4126
3752,GRCS6724
3753,FNT1040
3754,IXA1091
3755,TQG1277
3756,BNZB2048
3757,NEX1181
3758,NEX1213
3759,ENDE5691
3760,VVRH1203
3761,BB1302
3762,NEX1197
3763,BYST3765
3764,NEX1225
3765,PKR10057
3766,VARK6897
3767,OCBN1363
3768,MTFD1022
3769,TYX10157
3770,TYX10161
3771,BRSU3044
3772,ZPCD4055
3773,HKR11756
3774,GMLE1341
3775,UNRS3746
3776,NEX1191
3777,LIF5747
3778,FAGN1056
3779,ORNE3750
3780,DTKA1512
3781,STSS5150
3782,CST16218
3783,LNPE3530
3784,CRCH1047
3785,WLSG3406
3786,LRUN4196
3787,LRKM3261
3788,TADN1483
3789,AUGV1605
3790,DRBC9285
3791,GCRM1001
3792,GNT13470
3793,UNRS3217
3794,VARK5065
3795,BDFL1062
3796,CRLM1676
3797,DBYH3365
3798,EFMG1341
3799,LIF3369
3800,ORIS2693
3801,ZIPC8616
3802,BYDT2484
3803,LHML1084
3804,IVYX7127
3805,TMB1271
3806,LOON4463
3807,RDBS8989
3808,LRKM5261
3809,BHT3568
3810,TINS1124
3811,ALTL3070
3812,MXHO1625
3813,FNT1135
3814,BNZC2763
3815,GNT14617
3816,HRFE1057
3817,ORNE5923
3818,UNOR1222
3819,RBRS6882
3820,AGGR6029
3821,UNRS8025
3822,HKR13390
3823,EBRD1962
3824,EBND4338
3825,LTTN1259
3826,BYIL4805
3827,RDBS8992
3828,BNZB1284
3829,LNPE7587
3830,FOW10381
3831,KBLT1064
3832,FTYS1004
3833,DRBC2257
3834,LIVO1211
3835,LATD3313
3836,BRAY3307
3837,EBRD3199
3838,ANDO1774
3839,TPLL1176
3840,DP10050
3841,THVE1148
3842,NPQH1129
3843,MLWP4434
3844,TRDS1264
3845,RDBL7468
3846,QB10001
3847,EBRD3694
3848,BYST3863
3849,BDI1235
3850,REZF1018
3851,GRCK1464
3852,RDBT6515
3853,WLFR4141
3854,WLGN7587
3855,CHLH8847
3856,HQK1557
3857,ORNL2586
3858,ORNL4704
3859,ORNE7862
3860,SBFT1503
3861,LTTN1045
3862,STSS1790
3863,KIBF1037
3864,GRKS7175
3865,VVRH1052
3866,EBRD3118
3867,CLIV1797
3868,AAVI1301
3869,LOON6608
3870,MNCM4453
3871,WLSG2218
3872,WLDM8162
3873,TRNT3819
3874,AMCN1018
3875,TRNT3256
3876,MXF10006
3877,CBBR1668
3878,WXQ10048
3879,BDI1281
3880,LNPE7596
3881,STA6677
3882,BRAY3855
3883,SVTN2095
3884,AAGE1000
3885,DTKA1406
3886,CCES1472
3887,RSPK1471
3888,AJC10462
3889,WRME3717
3890,NPQH1086
3891,JFP2005
3892,BNZB8285
3893,CSTD4401
3894,LATD3307
3895,HQK1559
3896,TRPT4970
3897,LOON9092
3898,RBRS6881
3899,CBBR1660
3900,DP1892
3901,STSS4499
3902,ORNE3637
3903,LNPE7552
3904,FRNY1376
3905,FRNY1379
3906,BYST5695
3907,BYST8297
3908,LOON8317
3909,LOON8323
3910,BNZB1286
3911,LRUN1009
3912,DP10063
3913,BNZC3469
3914,GRYL7070
3915,DUKZ1340
3916,HKR13536
3917,ONAW6354
3918,DRTY1045
3919,QSI10191
3920,FNT1206
3921,ERCE3295
3922,LNPK8029
3923,WLSG3599
3924,HOHM6184
3925,WRLO6051
3926,ZPCD5976
3927,BIM1414
3928,LRUN4234
3929,XHX11137
3930,BSTU6833
3931,BSTU6834
3932,CRCH1054
3933,KUI9522
3934,ORLS1407
3935,ORRL9811
3936,QMGD1804
3937,LOON4466
3938,LOON4468
3939,DP10022
3940,FNDS3433
3941,ICN1392
3942,UTCB1304
3943,LTTN1050
3944,ALTH1460
3945,NNCB1020
3946,ORIS3314
3947,ASGA2461
3948,CRLM1674
3949,HVTC1811
3950,MOUT1255
3951,GRKS5592
3952,CSTD7453
3953,BNZC5527
3954,FDLL4913
3955,HKR13463
3956,TDI1091
3957,HMCO2006
3958,WDLN3098
3959,SWTC1038
3960,BDI1396
3961,BDI1416
3962,LATU1050
3963,EBRD1964
3964,GOLV5206
3965,FRPK1435
3966,BNZB2046
3967,BNZB2047
3968,BRSU3954
3969,BRSU3959
3970,QBBG1376
3971,ZSNQ1132
3972,BWN1034
3973,ORNE1395
3974,FPRF1130
3975,LNPK1983
3976,STPF1243
3977,EFMG1966
3978,UNRS5596
3979,DBHC9075
3980,FDL2521
3981,LNPE7823
3982,MIPN2110
3983,FAGN1023
3984,FPRF1156
3985,GCEO2750
3986,AJHS2041
3987,HQK1742
3988,FAGN1026
3989,BDFL1057
3990,BCMH5382
3991,TINS1120
3992,SCTL1385
3993,DRBC8879
3994,DP10062
3995,DP1960
3996,RDBS7095
3997,TINS1126
3998,FHND1272
3999,DVKT1276
4000,ALTH4762
4001,WNPO3707
4002,EYQN5330
4003,HFA1237
4004,BRAY1886
4005,AMIH1038
4006,WRSE2010
4007,ALTH4761
4008,ORNE5931
4009,SVV2504
4010,WLDM8136
4011,FAGN1051
4012,FNDS1719
4013,KFBS1516
4014,KUI10180
4015,BRAY6752
4016,LDER7443
4017,LTTT1295
4018,AMCN1046
4019,EFMG1147
4020,LNPK1136
4021,CSWY2230
4022,LNPE8370
4023,UT3851
4024,LATD1696
4025,BCMH3384
4026,PKR10008
4027,LNPE7416
4028,DRBC6392
4029,BGLS7226
4030,AHSU3321
4031,PPCP2054
4032,BDFL1055
4033,BYST5425
4034,GRKS6447
4035,PNMR1003
4036,BNZB8235
4037,WLGN5595
4038,CST26512
4039,LNPK3041
4040,LNPE7395
4041,LNPE7555
4042,LOON4665
4043,LTTN4573
4044,MXF10005
4045,MLWP4925
4046,BNZB6285
4047,MF10001
4048,TBGL1415
4049,HVHN1234
4050,INZ1002
4051,OCBN1358
4052,AAJX1036
4053,AHSU3317
4054,CDCR1130
4055,STSS6381
4056,ORNE1620
4057,ORNE7068
4058,INGC1051
4059,QB10038
4060,XHX11201
4061,FSGP1030
4062,ZIPC8082
4063,FRIS1887
4064,AHSU4316
4065,BNZC7940
4066,AR10010
4067,GRN1326
4068,GN2489
4069,OPEA1010
4070,HODE1029
4071,ONAW6213
4072,BNZB2073
4073,FOME6610
4074,ZSNQ1107
4075,AJHS2051
4076,HGLN2913
4077,SWTC1003
4078,BBZE3429
4079,BDI1249
4080,BDI1417
4081,LTTN3458
4082,NPQH1058
4083,NPQH1084
4084,AAJE1907
4085,LATD2512
4086,ORRL9804
4087,ORRL9826
4088,TNZO1000
4089,PT0131
4090,AMCN1014
4091,LTRN2376
4092,BRAY6701
4093,BNZC8073
4094,KUI5005
4095,OPCO7632
4096,IVYB8279
4097,TRNT5336
4098,TRNT5343
4099,SCTL1369
4100,OREL4713
4101,MIPN2109
4102,MLWP4896
4103,GRN1419
4104,ORIS2705
4105,TRPT6399
4106,WLSG3394
4107,BQFT1358
4108,DTKA1288
4109,WRSE2098
4110,XHX7474
4111,FPRF1103
4112,LRFY1995
4113,TBL2311
4114,HMRT3539
4115,MXF10016
4116,MXF10017
4117,FTYS1049
4118,DABH1950
4119,MIPN1257
4120,VBCT1221
4121,MUK1082
4122,WLGN6405
4123,CSTU1121
4124,LDER1463
4125,EFMG1355
4126,RDBE3309
4127,TYX10159
4128,BQFT2280
4129,EBDG7668
4130,NEX1195
4131,LKF1669
4132,XHX5197
4133,RMGI1061
4134,TUHO1014
4135,NPN2323
4136,LATD3285
4137,FPRF1146
4138,GOLV6153
4139,FNT1186
4140,HKR11096
4141,ZIPC4127
4142,DABH2404
4143,BYST8269
4144,VARK4635
4145,QSI1806
4146,BRAY8166
4147,BRSD3273
4148,EBRD1987
4149,OKMO1004
4150,TDD1022
4151,LTTN1116
4152,LATR2790
4153,NEX1183
4154,LNE10667
4155,LNPE6398
4156,LYBT1057
4157,OREL2603
4158,NPQH1027
4159,LDER1302
4160,ORNL7707
4161,ORNL7709
4162,FAGN1076
4163,VVRH1192
4164,RBRS1876
4165,BNRS6290
4166,BMFR2208
4167,FNT1032
4168,WRSE2090
4169,BRAY3306
4170,ADEC2530
4171,GRKS7187
4172,WP2395
4173,WRME2077
4174,DTKA1431
4175,LATT3513
4176,ALTH2152
4177,MIPN2034
4178,LATU2031
4179,BRYS5420
4180,GUS1826
4181,BHT5060
4182,HKR12764
4183,LTN3526
4184,ASTD3032
4185,FDL2863
4186,LFN1352
4187,AMCN1085
4188,BYST1663
4189,FPRF1061
4190,EBDG5003
4191,RVF7523
4192,XHX7488
4193,SVV2766
4194,DP10041
4195,VIVO1162
4196,CSTD6659
4197,FPRF1070
4198,LNTS3942
4199,WRMG4612
4200,ERCE3469
4201,CSTD7455
4202,DBYH8006
4203,GRYL7067
4204,LRUN1011
4205,LRUN1019
4206,HQK1517
4207,MLWP3758
4208,IVBX4114
4209,AJHS4838
4210,LNPK1711
4211,MMMD1001
4212,TINS1048
4213,CST7188
4214,FPRF1129
4215,ONAW2540
4216,WLDM8116
4217,CCTK1068
4218,RBSD4825
4219,LD1157
4220,NEX1223
4221,BORL1050
4222,FZY1564
4223,LNPK4885
4224,MERW1742
4225,AGTG5246
4226,KUI9523
4227,ORNE5485
4228,DP1956
4229,AL0754
4230,SCTL1810
4231,STPF1219
4232,DBHM4307
4233,NPQD2029
4234,WLGN6112
4235,MITN3631
4236,XHX10091
4237,BDI1420
4238,VVRH1630
4239,WLSG2501
4240,ORNE6571
4241,AHP1001
4242,AHP1042
4243,AHP1045
4244,IXA1085
4245,GOLV3967
4246,IOND1055
4247,WDMG1575
4248,UNRS5802
4249,VRKG8396
4250,BYDT2471
4251,UNRS2021
4252,ORNL2250
4253,XTBG1583
4254,GOLV1093
4255,PT0249
4256,BNZD1013
4257,NWCS1505
4258,FPRF1064
4259,TRDS1323
4260,LTTN1051
4261,FCQ1402
4262,ORNL7780
4263,EBRD3206
4264,LNPE7409
4265,OCBN1336
4266,OCBN1337
4267,OCBN1353
4268,NPQD2034
4269,LATU3935
4270,BCMH4370
4271,STSS4558
4272,ORNE9200
4273,DRBC9286
4274,GCEO2776
4275,GCEO2758
4276,GCEO2771
4277,NEI1009
4278,BYST2660
4279,ORNE4085
4280,LATD1793
4281,HYM1195
4282,ZSNQ1105
4283,AMCN1089
4284,AHSU1753
4285,AHSU3737
4286,CBBR1666
4287,QMGD1629
4288,TH4918
4289,WNSP5692
4290,GCSR1557
4291,CSTD6319
4292,TRDS1293
4293,DP10058
4294,SJDX1005
4295,AGTG1326
4296,BNZB2062
4297,LTTN4848
4298,MXHO4053
4299,ORNL3631
4300,TQG1008
4301,NPQD1500
4302,GCQX1033
4303,THRE7771
4304,LTTN4567
4305,IXA1083
4306,LTTN4577
4307,HO6667
4308,PNJH1172
4309,WNSP3262
4310,BWN1025
4311,AUGV2323
4312,BL24179
4313,DVKT1269
4314,LNPE1674
4315,AMCN1035
4316,GUS1850
4317,LNPE7611
4318,MXF1078
4319,MDBL1035
4320,NDPH1302
4321,WLSG3597
4322,BBKC1073
4323,FCQ1343
4324,WLSG2502
4325,ONAW6356
4326,AMCN1013
4327,MTFD1021
4328,GNT7156
4329,AMCN1034
4330,AMCN1049
4331,DBYH8020
4332,WADL6207
4333,VVRH1705
4334,LTN3315
4335,MOUT1254
4336,AGRV4477
4337,WXQ10114
4338,DBHM3635
4339,BNZC5629
4340,BL22595
4341,JWP1568
4342,LRUN4236
4343,MIPN2108
4344,STPF1216
4345,CLIH1018
4346,BNZC7939
4347,JQLD1250
4348,LATD2490
4349,GOLV5195
4350,DABY4423
4351,CST47195
4352,RDBT8824
4353,GCSR1574
4354,LATT1354
4355,LOON4517
4356,LRFY7400
4357,AHP1088
4358,ALTH3336
4359,QMGD1574
4360,AJC2487
4361,BYST8505
4362,TYX10158
4363,AR10019
4364,LNPK2955
4365,BNZC2768
4366,LATR1731
4367,NPQD1167
4368,KFBS1279
4369,LATU3352
4370,SVTN1958
4371,LDER1307
4372,ORNL7783
4373,ORNE5917
4374,ORNL6151
4375,BSTU2198
4376,CST7197
4377,BLMY3147
4378,WRME3173
4379,QB10132
4380,LNPE7607
4381,DP10034
4382,GMHD1189
4383,DP1977
4384,WLSG3003
4385,MMMD1002
4386,STSS9163
4387,BYST2595
4388,PBTM1000
4389,HACU1185
4390,OCBN1235
4391,ASGA3499
4392,RVF7596
4393,LRKM4985
4394,AJHS2039
4395,GRKS2463
4396,QBMM1027
4397,LOON4202
4398,LTN1994
4399,VSLE1043
4400,LNPE7419
4401,LNPE7579
4402,DP1676
4403,AHSU5413
4404,MNCM4435
4405,GRCS6341
4406,WLDM8120
4407,LFN2087
4408,MDAR1002
4409,EFMG1322
4410,GOLV1847
4411,AMCN1086
4412,EFMG1339
4413,LTTN4849
4414,PT0256
4415,LATD2480
4416,MLWP4882
4417,HKR10056
4418,PKR10048
4419,BSTU3998
4420,WI2911
4421,GCDR1203
4422,UNOR1629
4423,NDDE1003
4424,ANDO2095
4425,JFI10158
4426,AAMD1072
4427,ORNE1605
4428,IVBX4107
4429,VARK4637
4430,FDL2827
4431,DABH1174
4432,VVRH1129
4433,CRCH1053
4434,MXF10015
4435,DVTL1065
4436,TRDS1345
4437,ORNL4725
4438,LTTN1260
4439,MXHO1486
4440,AR10014
4441,MLWP3222
4442,SYL10231
4443,BSTU7897
4444,RBSD4821
4445,BTL10166
4446,LFMF4855
4447,DBYC9551
4448,OPEA1003
4449,LATU3637
4450,ORNL2650
4451,QMGD1754
4452,DTKA1172
4453,DTKA1188
4454,BDFL1045
4455,GRYL7066
4456,AMCN1053
4457,AMCN1057
4458,RDBL7466
4459,ASGA3138
4460,HVOA7819
4461,FAGN1003
4462,ORNL2646
4463,ORNE8977
4464,ASGA2845
4465,DRBC2346
4466,NPQH1137
4467,FNDS3927
4468,OCNO1007
4469,ZENO1143
4470,NPQH1070
4471,RDBE3311
4472,DBYH8014
4473,BRYS3706
4474,ANDV4820
4475,KBHJ1021
4476,CSTD6332
4477,DP1923
4478,DP10033
4479,RBRS6880
4480,UCWJ1006
4481,EAFU1003
4482,VVRH1533
4483,MNQ10004
4484,STPF1161
4485,GOLV3099
4486,ORNE1993
4487,ORNE2002
4488,HANN1682
4489,KFBS1297
4490,HVOA1982
4491,TNFI1420
4492,BXD1093
4493,UNRS6291
4494,EXVD1059
4495,KOSA2697
4496,FAGN1031
4497,VGX4172
4498,ORLS5314
4499,TCEA1117
4500,NPQB1189
4501,BRAY5004
4502,DCRN1198
4503,NEX1192
4504,IXA1028
4505,PHBG3511
4506,BKWT6151
4507,FLLA1040
4508,SYTI1079
4509,WRLO2224
4510,SYTI1080
4511,MLWP4880
4512,EXVD1041
4513,WLDM8137
4514,FZY1745
4515,SYPL6383
4516,BBZE3422
4517,ORNL5990
4518,ORNE1068
4519,BYDT1374
4520,OREL8960
4521,NEI1301
4522,NEX1138
4523,NEX1179
4524,MDT1805
4525,LTTN1535
4526,DP10029
4527,ORNL2014
4528,FAGN1054
4529,FNDS2595
4530,HVOA0138
4531,LFN1584
4532,FFC5658
4533,GXV5434
4534,AALA1028
4535,XHX7487
4536,MNCM4444
4537,LFN1822
4538,BNZB2070
4539,LATU3937
4540,QDY2069
4541,MNCM4429
4542,GOLV5164
4543,GOLV5150
4544,GRKS3783
4545,AGRV4337
4546,CBBR1662
4547,MUSE1020
4548,DBHM6350
4549,ENDE5761
4550,LTTT1054
4551,AMCN1026
4552,GOLV5149
4553,BNZB2079
4554,HKR11854
4555,BNZB8249
4556,DABH1171
4557,WP2401
4558,CSTD7364
4559,DBHM8251
4560,LTDR4685
4561,KFBS1519
4562,ENDE5755
4563,AZZE1004
4564,GRCK1184
4565,JWP1270
4566,STSS5411
4567,ORLS2361
4568,MXHO1518
4569,ORNL6453
4570,IRD3475
4571,WCF3146
4572,QSI2681
4573,DTKA1187
4574,ZYMA1067
4575,LNPK3042
4576,RDBA3410
4577,RDBS8990
4578,KUI9737
4579,KUI9738
4580,PKR10059
4581,QSI10216
4582,WNSP1499
4583,IRD10077
4584,AAMD1071
4585,VEM10044
4586,CSWY1440
4587,FNDS2594
4588,ONAW5911
4589,SBHN1012
4590,BYST8838
4591,FNT1217
4592,ZLD1135
4593,XHX7478
4594,DBHC3966
4595,BNJR1117
4596,DSAG1874
4597,ENDE3605
4598,MEBF1036
4599,AGGR1352
4600,JWP1558
4601,DRRU1103
4602,JWP1504
4603,WLDM8118
4604,TINS1055
4605,FPRF1155
4606,HKR10845
4607,TCFN1035
4608,ORIS3313
4609,LTTN6040
4610,DTKA1189
4611,WLGN7573
4612,UNRS8031
4613,TH10144
4614,PHBK1009
4615,FLLA1006
4616,FSGP1028
4617,ORNL1013
4618,ZLD1005
4619,NPQH1060
4620,LRUN3975
4621,UNRS1314
4622,LNTS5768
4623,BNZC3474
4624,DABH2744
4625,CCES1015
4626,CRQL1228
4627,CBBR1664
4628,FNDS3227
4629,XHX11463
4630,BNZD4109
4631,NDPH1518
4632,MLWP4877
4633,WP2480
4634,GCQX1032
4635,FRNY1365
4636,DP10056
4637,AOAS1599
4638,TINS1136
4639,VGX4217
4640,HPL10261
4641,TBL2365
4642,UNRS4801
4643,RDBE3304
4644,CACQ1034
4645,TMA2143
4646,UNXE1008
4647,BGLS8089
4648,NPQD1496
4649,RVF7718
4650,ARGD2949
4651,FDLL7619
4652,NEX1189
4653,FRIS1875
4654,FNT1207
4655,BNZB2045
4656,BNZB2053
4657,BNZB2059
4658,MXF10050
4659,AMCN1023
4660,GRCS1228
4661,BLMT5973
4662,LNPE3244
4663,RDBA5467
4664,LNPK1230
4665,AHSU4309
4666,CRLM3663
4667,DRTY1039
4668,VSLE1031
4669,MACK1028
4670,VVRH1398
4671,LTDR7747
4672,FNDS3976
4673,PKR10060
4674,DP10031
4675,ASTD3758
4676,BNZB2071
4677,NPN2322
4678,GOLV5172
4679,EXVD1051
4680,DP1921
4681,DBYH5436
4682,FAGN1071
4683,WLSG2500
4684,ASTD3034
4685,DEGL1345
4686,RFD3124
4687,CSTD5964
4688,BYDT1107
4689,ODBN1098
4690,AHSU5475
4691,VVRH1006
4692,QMGD1765
4693,LNPE7824
4694,ALTL4981
4695,BBMT3571
4696,BLMY2968
4697,DTKA1456
4698,TDI1090
4699,JFN5678
4700,DTKA1522
4701,NPQD1487
4702,VSLE1045
4703,ARGD6378
4704,FLLA1049
4705,AAGE1003
4706,HVOA7035
4707,PPCP1981
4708,GRCS1287
4709,UNRS8010
4710,KUI5134
4711,HKR12255
4712,LRKM4640
4713,WLSG3609
4714,ZQT1032
4715,DTKA1433
4716,BGRS3955
4717,LNPE8991
4718,MLWP4895
4719,GCSR1568
4720,LTTN1052
4721,ELDC1163
4722,NPQD1172
4723,VVRH1215
4724,GMHD1192
4725,ORLS1880
4726,TRNT2600
4727,BNZB2094
4728,CSTD7947
4729,FTYS1029
4730,EPCH1130
4731,FNDS4123
4732,GRCS6343
4733,FTYS1025
4734,HQZ1097
4735,MXHO1588
4736,DBYH8017
4737,LOON4213
4738,CSTD7454
4739,CSTD5531
4740,PKR10010
4741,BYST6228
4742,ARGD6337
4743,BNZB2056
4744,ORNL6147
4745,GCSR1571
4746,AIWH1024
4747,BNZB8262
4748,ORLS1682
4749,ENDE5762
4750,PKR10032
4751,BNZB2084
4752,STPF1405
4753,TADN8623
4754,AHST5147
4755,AHST5152
4756,BPPZ1122
4757,TRDS1340
4758,WLDM8172
4759,STPF1157
4760,BRSD7700
4761,NDDE1032
4762,LRUN3965
4763,NWCS1704
4764,BNZB2054
4765,CSTD6840
4766,MOUT1252
4767,FRIS1928
4768,LATD2456
4769,VVRH1674
4770,NPQH1141
4771,BNZB2082
4772,AMCN1090
4773,DUKZ1392
4774,ZYMA1068
4775,HMRT3537
4776,HMCO1806
4777,HMRT4292
4778,LNPK5594
4779,FLLA1037
4780,HBEE7673
4781,HAGD1094
4782,VVRH1462
4783,ADHO1052
4784,GRCK1454
4785,FNT1213
4786,VVRH1134
4787,ORNE5927
4788,BNZB8234
4789,WRME3518
4790,RDBE2084
4791,ORNE7067
4792,AMCN1020
4793,BNZC5525
4794,BNZB2096
4795,ONAW3892
4796,FOW10472
4797,FPLJ1067
4798,JCFF1713
4799,JWP1530
4800,LTTT1485
4801,AGTG2340
4802,LTTN1074
4803,AUGV2326
4804,DP10024
4805,HMRT3519
4806,DUKZ1176
4807,BYST4127
4808,DP10045
4809,BSTU7710
4810,NPQH1044
4811,ATCA1406
4812,SDCN1019
4813,ORIS3321
4814,LNPK1057
4815,LNPE9011
4816,CSTU1514
4817,AHSU3738
4818,ALTL4434
4819,FNDS1757
4820,ORNL2641
4821,MXHO1489
4822,AUGV2320
4823,AMCN1016
4824,TQG10003
4825,FNDS3849
4826,SCSH1071
4827,XHX7573
4828,CSTD7750
4829,FNT1003
4830,QSI10215
4831,STPF1194
4832,GRKS6098
4833,BNZC2752
4834,GCEO2644
4835,WNSP1501
4836,VVRH1606
4837,LOPK6562
4838,ORNE3141
4839,XHX10623
4840,ELGO1139
4841,LTTN7325
4842,MITN4331
4843,VVRH1541
4844,OCBN1250
4845,NPQD1502
4846,ASTG2562
4847,BBMT4949
4848,NWCS1553
4849,KIBF1036
4850,MLWP3054
4851,LNPE7651
4852,FAGN1053
4853,BNZD4111
4854,LTTN1083
4855,ORNE1099
4856,LDER8329
4857,UNRS6942
4858,WNPO6106
4859,SDFY2334
4860,DUKZ1308
4861,DP2029
4862,ALTL4970
4863,BNZB2078
4864,ORLS2358
4865,BRBI1730
4866,MABL1329
4867,BKWT8392
4868,BNZB2049
4869,DTKA1469
4870,ROSP2321
4871,WDWY1662
4872,DRBH4570
4873,STSS5154
4874,ASGA2593
4875,ASGA2594
4876,LNPK3842
4877,BNZC3544
4878,IOND1017
4879,PA1370
4880,ORNL2648
4881,CLIV1803
4882,RDBL7474
4883,TQG1405
4884,JFI10063
4885,QAA10050
4886,HMRT5407
4887,ARGD2881
4888,EFMG1340
4889,BBZE3396
4890,MIPN2280
4891,SBJT1024
4892,BRAY6813
4893,BYST8315
4894,BNZC3587
4895,QB10131
4896,FAGN1101
4897,FOME9821
4898,FOME9822
4899,LNPE7401
4900,LNPE8972
4901,BNZB6283
4902,BYST6223
4903,LDER1303
4904,MAS1095
4905,VGX1527
4906,XHX11898
4907,HBYZ1018
4908,KFBS1465
4909,GMLF1000
4910,NEX1153
4911,CSTU1509
4912,MNQ10221
4913,TH4756
4914,RDBL7472
4915,XHX11303
4916,BNJR1083
4917,MTFD1013
4918,GCDR1204
4919,CST51123
4920,LOPK4669
4921,CCES1476
4922,DP1896
4923,UNRS4059
4924,MJI10027
4925,ORLS2339
4926,FAGN1004
4927,FLLA1042
4928,FAGN1022
4929,NPQD1171
4930,YOD1292
4931,DUKZ1235
4932,WLAO4028
4933,MXHO1527
4934,ORNL2249
4935,BNZC2755
4936,GCSR1565
4937,AAJE1893
4938,DP10055
4939,TINS1057
4940,WLDM8152
4941,ORNL2219
4942,TBL2780
4943,ALTL1706
4944,BNZB8236
4945,CCTK1525
4946,BNZB1089
4947,AHSU5424
4948,ASTD3033
4949,PKR10062
4950,AHSU4293
4951,GCEO2322
4952,CRCH1044
4953,IRD10078
4954,QB10128
4955,RVF10049
4956,OBTQ1048
4957,FHND1622
4958,BYST7965
4959,IOHK1129
4960,KFBU1047
4961,DRBH4318
4962,CST1707
4963,BLMY2929
4964,LNPE7719
4965,FOME5785
4966,FRIS1945
4967,AMCN1009
4968,LNPE7456
4969,FFC5656
4970,BRSU3036
4971,KBFT1047
4972,XQT10226
4973,PKR10022
4974,FCE2076
4975,FCE2156
4976,SPWD1022
4977,SPWD1023
4978,SPWD1027
4979,XQS1583
4980,WLSG3591
4981,JYC1202
4982,SYTI1091
4983,BNZC5637
4984,DP10064
4985,WLDM8124
4986,HMC1625
4987,SDCN1016
4988,ORNE1756
4989,LNPE7405
4990,BSTU3236
4991,ORNL4353
4992,FAGN1123
4993,FNDS3393
4994,UCWJ1002
4995,BNZB8233
4996,BNZB8240
4997,DBHM3639
4998,DBYC1703
4999,KUI6108
5000,VVRH1631
5001,LTTN1075
5002,FDLV3342
5003,BNZB2072
5004,LRKM5487
5005,FDLV3512
5006,BNZB2085
5007,VGX10210
5008,BDFL1063
5009,BDFL1066
5010,TRPT6684
5011,LRKM5486
5012,FDC10006
5013,LNPE8247
5014,UNOR1633
5015,GMLE1342
5016,UNRS8030
5017,XHX11461
5018,AMCN1019
5019,IVYX2253
5020,BDI1584
5021,ORNL7765
5022,IVYX7118
5023,JJP1273
5024,LKF1667
5025,ALTL3071
5026,HKR12580
5027,JWP1384
5028,JWP1385
5029,RALP4545
5030,TYX10139
5031,HPL10069
5032,DRBC2326
5033,MLWP4917
5034,MACK1029
5035,JDP1083
5036,LTT3567
5037,OREL2598
5038,UCWJ1000
5039,LOPK4623
5040,DP10059
5041,VVRH1689
5042,GOLV6155
5043,LNPE7427
5044,NPQH1082
5045,LNPE8259
5046,BNZC5109
5047,FNT1203
5048,GRYL5392
5049,NPQD1168
5050,WRME3714
5051,DART1300
5052,PRGF1399
5053,LNPE8311
5054,NPQH1304
5055,DABH2411
5056,ALTL4984
5057,NPQD1281
5058,NPQD1164
5059,OPHL2208
5060,TCSR1007
5061,PKR10049
5062,VBCT1242
5063,BLMY2879
5064,XHX11195
5065,BNZC7632
5066,TDFG1519
5067,QHC7029
5068,CDCH1002
5069,FPRF1066
5070,VVRH1445
5071,XHX7486
5072,WDLN3333
5073,QSI10200
5074,BLMK7674
5075,WRSE1828
5076,WCF3192
5077,KBHJ1025
5078,NPQD1501
5079,QSI10214
5080,GNT13471
5081,AJC10589
5082,NPQD1523
5083,BYST5701
5084,ETHC1054
5085,DTKA1435
5086,WLSG3386
5087,AMOM1028
5088,PT0241
5089,GCRM1134
5090,DRBC2258
5091,QB10129
5092,QB10130
5093,BBJQ1003
5094,JWP1415
5095,JWP1557
5096,FOME9825
5097,BNZC8386
5098,ROHE7282
5099,TMA2137
5100,MTNW1259
5101,MDZD1007
5102,ORNL7712
5103,ICN10000
5104,BNZD4722
5105,WDLN4718
5106,EVYN2034
5107,FNDS2728
5108,TNFI1233
5109,ORIS3329
5110,DP10032
5111,FNT10004
5112,BNJR1118
5113,TCWQ1015
5114,QMGD1844
5115,GMHD1188
5116,LNPE9003
5117,SYL10240
5118,WRME2188
5119,UCWJ1005
5120,LATT3529
5121,PT0240
5122,VVRH1629
5123,GRCK1128
5124,AMCN1060
5125,MXHO1515
5126,ORNL2243
5127,BYDT1645
5128,TRNT5520
5129,ALTL4972
5130,ORRL9809
5131,LNPE7585
5132,BNZC3588
5133,BNZC7639
5134,HATG1031
5135,WLSG3606
5136,ENDE5769
5137,PNMR1001
5138,GOLV5563
5139,BTL10531
5140,CSWY2441
5141,MXF10029
5142,TINS1131
5143,ZENO1141
5144,DP10052
5145,RSH1052
5146,VARK7188
5147,NPQD1499
5148,LNPE7434
5149,HODE1024
5150,AUGV2126
5151,JFN10212
5152,BNZB6284
5153,DP1945
5154,SYL10232
5155,BPRM1060
5156,LNPE7460
5157,CSTD7160
5158,FHND1640
5159,HMC1791
5160,MNQ10220
5161,ORNL6036
5162,UNRS4282
5163,POEN1023
5164,BBKC1076
5165,EFMG2953
5166,SBHN1016
5167,SBHN1017
5168,GCEO2743
5169,KBHJ1093
5170,TH10171
5171,TUHO1013
5172,RBRS1820
5173,LNPE7451
5174,DRBC3527
5175,LNPE7507
5176,NPQD1278
5177,BNZB2055
5178,BNZB2057
5179,GCSR1263
5180,REZF1006
5181,URRE1166
5182,WP2485
5183,OCBN1364
5184,FOW10692
5185,GOLV5165
5186,LATR6022
5187,AHSU5419
5188,LNTS3666
5189,STSS1555
5190,GNT14612
5191,VBCT1336
5192,LDER8327
5193,TCGF1140
5194,BWN10021
5195,TH10005
5196,LTTN4571
5197,WRSE2093
5198,NWCS1507
5199,TYX10267
5200,LTTT1027
5201,LATD1768
5202,GNT2857
5203,MIPN2275
5204,BNZB8214
5205,BNZC5555
5206,MXHO1555
5207,LTTN1144
5208,BNZC3518
5209,NPQH1163
5210,LNPE7431
5211,MOUT1250
5212,PXWO1006
5213,KBHJ1096
5214,EPCH1033
5215,PHBG1279
5216,ZQT1029
5217,BYST5551
5218,EFMG1368
5219,NPQD2348
5220,BNZB8279
5221,NWCS1508
5222,DTKA1191
5223,EFMG1968
5224,TCGF1142
5225,TCGF1144
5226,MLWP2563
5227,DBYH8022
5228,NPQH1133
5229,NPQH1155
5230,RVF7554
5231,ENDE4175
5232,FNDS2797
5233,FNDS4130
5234,TYX5497
5235,VVRH1050
5236,ALTL3082
5237,RSDE1589
5238,BRSX1252
5239,BNZC5524
5240,EAFU1002
5241,DTKA1439
5242,FAGN1059
5243,GRCS7886
5244,ALTL2427
5245,NPQD2032
5246,VVRH1441
5247,ROHE8015
5248,FTYS1026
5249,DP10026
5250,DP1919
5251,LNPE7574
5252,LNPK8860
5253,MITN2522
5254,BNZC9119
5255,TUHO1011
5256,BYDT2482
5257,RVF7597
5258,ORNL2643
5259,BNZB1054
5260,PA100000
5261,QSI10289
5262,VVRH1151
5263,FNDS2503
5264,LOPK1447
5265,MTFD1033
5266,CDCR1159
5267,ORNL2649
5268,SBJT1020
5269,LFN1840
5270,MLWP4946
5271,HKR7595
5272,HO4974
5273,MLWP4927
5274,SBHN1015
5275,DP10036
5276,BNZB8288
5277,FOME5871
5278,DTKA1429
5279,RDBS9640
5280,MLWP4435
5281,CAAA1013
5282,DP10028
5283,BDFL1072
5284,GMLE1194
5285,DP10042
5286,FNT1222
5287,UNOR1466
5288,VVRH1558
5289,BNZB8209
5290,LNPE7439
5291,EFMG1003
5292,AHST8895
5293,FCE10053
5294,KBHH1002
5295,WP2033
5296,WP2100
5297,WP2101
5298,ORIS3337
5299,LATU3351
5300,VVRH1439
5301,BNZB8251
5302,DUKZ1228
5303,ATCA1350
5304,DBHC6008
5305,ORIS3341
5306,ORLS2360
5307,SDZ1786
5308,PDP1569
5309,AAMD1079
5310,SWTC1005
5311,GMLE1159
5312,STPF1213
5313,LTTN1073
5314,AHSU5068
5315,MF10002
5316,RBSD3667
5317,WADL6521
5318,ALCT3465
5319,DTKA1414
5320,AOLL1224
5321,LNPE7805
5322,ORNE1014
5323,BNJR1081
5324,NWCS1504
5325,FAGN1121
5326,NPQD1163
5327,BIM1082
5328,LNPE8998
5329,LNPE7368
5330,BNZD1687
5331,GRKS2923
5332,FZY1829
5333,HQK1744
5334,CCTK1522
5335,BB1305
5336,HMRT4069
5337,FLDV1208
5338,HVTC1810
5339,CCTK1065
5340,BIM1074
5341,CST16706
5342,ORNE6572
5343,VVRH1214
5344,PKR10031
5345,TMA10033
5346,BNZC4847
5347,HMRT1203
5348,ICO10100
5349,AAJE1866
5350,BNZC2770
5351,FPLJ3537
5352,RSDE1087
5353,LOON4160
5354,WLDM2962
5355,CLDD1275
5356,LATU2037
5357,SNPN4704
5358,NPQH1153
5359,LAML1022
5360,BAYI4980
5361,BNZC8387
5362,TYX10156
5363,STPF1187
5364,BYDT2481
5365,BYDT2483
5366,LOPK5041
5367,LGR1382
5368,LTTN1251
5369,RSH1074
5370,GCEO2763
5371,NPQB1176
5372,AJC10766
5373,NPQD1482
5374,KRDI1260
5375,FNDS2029
5376,ORNE6069
5377,HTBO1079
5378,RDBA6857
5379,EFFC1074
5380,BNZC9118
5381,GMLF1085
5382,EOZ10028
5383,GRCS5687
5384,KBHJ1020
5385,ORRL9845
5386,VVRH1604
5387,BNZB1091
5388,ORIS3316
5389,WRME3720
5390,SAU2852
5391,FAGN1052
5392,BLMT5974
5393,LTRN4339
5394,ALTL4976
5395,LRUN1020
5396,RDBL7467
5397,ANDV4819
5398,MXF10038
5399,AALA1044
5400,LATD3315
5401,FTYS1035
5402,EFMG1967
5403,JQHO1004
5404,ORNE1378
5405,BNZB8208
5406,PHBG3521
5407,LDER5263
5408,AAMD1080
5409,FACH1022
5410,CSTD4283
5411,GN2564
5412,AMOM1016
5413,UNRS4210
5414,RBSD4829
5415,LATU2035
5416,PA1375
5417,TUHO1009
5418,SJDX1101
5419,BWN10023
5420,KIBF1031
5421,WLSG3601
5422,BNZB2080
5423,LTTN1076
5424,GMHD1186
5425,DUKZ1216
5426,IVYX2521
5427,BNZB2058
5428,NPQH1056
5429,RDBL7461
5430,FTGU1016
5431,ZQT1030
5432,DP10057
5433,LNPE7415
5434,LNPE7609
5435,SZT1312
5436,GMLE1152
5437,VVRH1178
5438,BNZC6125
5439,VVRH1148
5440,FTYS1019
5441,DP10020
5442,LATD2265
5443,MTFD1034
5444,DUKZ1395
5445,FAGN1002
5446,DP10019
5447,AHSU5421
5448,DVKT1268
5449,MLWP4939
5450,LRUN1014
5451,YTCH1011
5452,POEN1029
5453,FOME5753
5454,LFN1891
5455,TH10230
5456,BNZD4606
5457,AHP1013
5458,LOON5165
5459,MLWP4904
5460,RVF7716
5461,RVF7717
5462,AHSU5422
5463,FTYS1027
5464,ZPCD5951
5465,LNPE7577
5466,MTFD1032
5467,VVRH1684
5468,VSLE1041
5469,ALTL4980
5470,PKR10053
5471,NWCS1602
5472,HGLN2906
5473,QSI10343
5474,CSTD6866
5475,GRKS5822
5476,OCBN1354
5477,DTKA1520
5478,FAGN1108
5479,VVRH1766
5480,MDZD1067
5481,DOCR1522
5482,PT0134
5483,WDPS1255
5484,ALLA1055
5485,WLSG3592
5486,LNPE7398
5487,BNZB1083
5488,LCF3490
5489,SCSH1073
5490,DTKA1510
5491,ASLO1005
5492,ROSP4083
5493,AHST6078
5494,LOPK1427
5495,AMCN1088
5496,AHSU4292
5497,RDBS7297
5498,VVRH1713
5499,GN2461
5500,MLWP4442
5501,NSHF1104
5502,BNZC7643
5503,FRIS1895
5504,BIM1600
5505,CBBR1659
5506,NPQH1268
5507,NPQH1326
5508,NPQH1324
5509,ALTL4172
5510,LNPK3050
5511,NPQH1038
5512,NPQH1062
5513,NPQH1074
5514,DP10070
5515,FTYS1016
5516,TRPT6676
5517,MIPN2253
5518,RXU1549
5519,GRYL7069
5520,MITN4330
5521,QSI10332
5522,KBIM1046
5523,ZIPC8575
5524,MLWP4922
5525,VVRH1685
5526,KUEE1014
5527,GCEO2789
5528,BNZD1524
5529,PHBG3470
5530,DBYC3190
5531,ATGR4070
5532,LTRN4005
5533,WRSE1822
5534,AHSU4318
5535,HVOA0137
5536,FLLA1036
5537,AJHS4733
5538,ASGA2458
5539,ASGA2462
5540,NWCS1600
5541,NPQH1214
5542,RDBE3301
5543,AOVA1093
5544,HQK1795
5545,CRQL1184
5546,FPLJ3140
5547,FNT1063
5548,LTDR4857
5549,BNZC3042
5550,REZF1023
5551,HMRT4721
5552,VHME1116
5553,DP10051
5554,LTTN1118
5555,LTTN3326
5556,NEI1002
5557,AALA1009
5558,GRCK2555
5559,BNZD1746
5560,IXA1055
5561,NWCS1512
5562,INGC1049
5563,FOCU1051
5564,MTFD1026
5565,LATU3350
5566,LATD3303
5567,LTN2383
5568,AGTG5245
5569,NCVM1073
5570,VVRH1198
5571,POEN1008
5572,CSWY2097
5573,VGX10216
5574,TQG1372
5575,HVOA7835
5576,FLLA1031
5577,BDFL1043
5578,LTDR2974
5579,ZQT1031
5580,VVRH1671
5581,BNZB2050
5582,ZQT1036
5583,OPEA1002
5584,LNPE8223
5585,LXZL1070
5586,VVRH1162
5587,VVRH1863
5588,KOSA2546
5589,DTKA1420
5590,KUI5000
5591,TCGF1151
5592,BNZB2087
5593,LTTN1117
5594,JWP1183
5595,WNSP1498
5596,MLWP4897
5597,IVBX6918
5598,SCEL1170
5599,LTDR6387
5600,AJHS2353
5601,BL22654
5602,FAGN1107
5603,AAOR1353
5604,AHSU4308
5605,SVID1066
5606,RBSD4827
5607,LTDR2902
5608,CSTD7912
5609,FPLJ3094
5610,LNPE3014
5611,AHP1085
5612,AHP1090
5613,AHSU5445
5614,HMRT4253
5615,MXHO1509
5616,PPCP1983
5617,DBHM2414
5618,GCEO2749
5619,LNPE8973
5620,LNPE8975
5621,LNPE8990
5622,GCEO2759
5623,FFC5655
5624,VSLE1060
5625,ORNE1009
5626,ETHC1209
5627,ETHC1239
5628,DP1972
5629,GCSR1558
5630,WLDM8145
5631,DTKA1448
5632,ORNL2640
5633,RVF7553
5634,LD1174
5635,TQG1381
5636,VGX4282
5637,WRME3517
5638,AJC10257
5639,FPRF1086
5640,DBHM5571
5641,GRCK1166
5642,FTYS1023
5643,HPL10075
5644,SVTN2342
5645,BYST8268
5646,FNDS1926
5647,RSH1072
5648,QB10040
5649,AAOR1352
5650,AAJE2013
5651,VBCT1167
5652,HKR12792
5653,GRKS5823
5654,ETHC1135
5655,ETHC1159
5656,ETHC1240
5657,NEX1137
5658,LTTN5452
5659,AMCN1011
5660,WYB10008
5661,HRFE1074
5662,ORNE3751
5663,LNPE8999
5664,AHSU5499
5665,FTYS1040
5666,FNDS2127
5667,EFMG1359
5668,LATU2033
5669,ORIS3340
5670,VVRH1461
5671,GCQX1026
5672,GCQX1028
5673,GCQX1031
5674,GCEO2783
5675,IDZI1008
5676,QB10119
5677,BGLS6073
5678,BSTU2196
5679,LBNV1362
5680,NPQD1165
5681,HQK1746
5682,DRBC2324
5683,HQK1741
5684,HQK1745
5685,PKR10034
5686,FDL2419
5687,LTTN1243
5688,MLWP4432
5689,AHSU5486
5690,BTL10250
5691,BNZB8224
5692,VVRH1176
5693,QSI2721
5694,LDER8270
5695,CCOO6598
5696,INLD1003
5697,ORNL4583
5698,NPQD2033
5699,DTKA1428
5700,JTPL1524
5701,DBYH3500
5702,LYS10055
5703,NEX1180
5704,HGLN1718
5705,DP1925
5706,HGLN2908
5707,BNZC5108
5708,NSHF1092
5709,FNT1132
5710,XLVD1440
5711,RSDE1583
5712,XHX10626
5713,LATD3283
5714,WCF3193
5715,GOLV4026
5716,HMRT5584
5717,BL24062
5718,HKR13623
5719,STSS6385
5720,FNT1208
5721,FAGN1072
5722,FWC10000
5723,PT0247
5724,HMCO1667
5725,TRNT5346
5726,PKR10066
5727,DTWT1000
5728,ENDE5298
5729,ENDE5310
5730,BRAY5878
5731,BNZB2043
5732,BSTU3935
5733,AHSU4287
5734,BHT10236
5735,JWP1563
5736,CCES1019
5737,JWP1199
5738,LTN3314
5739,NDPH1298
5740,CCES1198
5741,DEGL1363
5742,WP2525
5743,TCGF1148
5744,BRAY1909
5745,LNPE7578
5746,ORNL6422
5747,MITN2831
5748,STSS4447
5749,BIM1601
5750,BNZB2066
5751,HMRT3448
5752,AMCN1015
5753,LNPE7597
5754,LNPE7602
5755,ORNL2212
5756,EKAI1001
5757,FTYS1051
5758,AHSU4317
5759,EYQN5328
5760,ROSP4102
5761,LNPE4733
5762,MITN1604
5763,LNPE7433
5764,LNPE7462
5765,MLWP4935
5766,DABH1173
5767,MLWP4885
5768,VVRH1435
5769,AHSU1051
5770,AGTG2052
5771,BYDT1632
5772,FRIS1884
5773,LTTN4569
5774,JWP1561
5775,BNZD4765
5776,ENDE5692
5777,ZQT1038
5778,JMM1155
5779,BNZB8261
5780,DTKA1398
5781,MRCA1533
5782,STPF1242
5783,ZQT1023
5784,CSWY1324
5785,UNRS6292
5786,PPCP1959
5787,ASTG7676
5788,TINS1134
5789,DP10043
5790,RDBE2088
5791,BRAY2101
5792,VVRH1116
5793,MXHO1514
5794,ICN10078
5795,NPQD1170
5796,AHSU3324
5797,GMLE1418
5798,LTTN3456
5799,DBHC7809
5800,HRFE1075
5801,EYQN2000
5802,DP10068
5803,BHT3618
5804,KUEE1013
5805,BSTU3934
5806,BNJR1078
5807,WRMG2027
5808,LNPE7404
5809,EBDG7789
5810,SDCN1018
5811,BYST8285
5812,TCGF1152
5813,AAOR1351
5814,DP10040
5815,FPRF1098
5816,QHC6926
5817,BRYS8539
5818,ORNE9199
5819,MXF1257
5820,ORNL7711
5821,MLWP4903
5822,LNPE7583
5823,MLWP4436
5824,BYST5519
5825,ETHC1113
5826,TQG1072
5827,AZZE1006
5828,ZQT1025
5829,VVRH1200
5830,KBHJ1100
5831,PPCP1963
5832,LNPE8974
5833,NFV10025
5834,IDZI1018
5835,AMCN1047
5836,AHSU4304
5837,ORLS4599
5838,ORLS4600
5839,ORLS4601
5840,NPQD1169
5841,ONAW6355
5842,AHST4797
5843,AJHS4738
5844,WLSG3605
5845,ORLS1857
5846,BQFT2278
5847,RDBE2087
5848,PPCP1958
5849,LNPE7154
5850,AHSU5504
5851,FRIS1925
5852,NDPH1378
5853,AHSU4291
5854,BTL10137
5855,DHK10040
5856,LNPE7440
5857,BNZD3452
5858,AHSU5474
5859,MLWP4441
5860,LPRF1630
5861,RDBL2824
5862,DABH1172
5863,EYT1326
5864,NDPH1479
5865,MTNW1078
5866,HKR12765
5867,SJDX1052
5868,TG10099
5869,UNRS4161
5870,WXQ10058
5871,PKR10044
5872,TG10098
5873,HF10701
5874,BRSU3021
5875,QB10121
5876,MLWP4908
5877,LATD3271
5878,IVYB8282
5879,VARK2134
5880,GRKS2574
5881,AJC10588
5882,FDL2413
5883,WNPO6357
5884,FHND1065
5885,FHND1138
5886,MXF10030
5887,WRSE2095
5888,HAZE2800
5889,FPRF1163
5890,LNPE7599
5891,LTTN4586
5892,LNPE7566
5893,BNZB2077
5894,AHSU1752
5895,LTTN6713
5896,BNJR1058
5897,KFBS1486
5898,RDBS7306
5899,SCBH1225
5900,AMCN1027
5901,NPQH1046
5902,MTFD1035
5903,MXHO1472
5904,NPQH1151
5905,DP10053
5906,DP10054
5907,ORNE8842
5908,TCGF1215
5909,AAOR1011
5910,BYST8839
5911,CCTK1517
5912,ORNL7773
5913,ORIS3339
5914,BNZC2760
5915,UNRS8008
5916,NDPH1540
5917,BNZC7631
5918,BYDT2479
5919,GCEO2777
5920,LNPE8227
5921,QB10041
5922,BWN10025
5923,LNPE7455
5924,BSTU3223
5925,LOON4465
5926,TCGF1139
5927,TRPT6683
5928,HYM1106
5929,AAGE1018
5930,KBIM1044
5931,PKR10058
5932,PKR10036
5933,LNPE7604
5934,PHBG1278
5935,AZZE1013
5936,WDLN4720
5937,ANDV4811
5938,AJC10504
5939,UNRS8028
5940,GXV4873
5941,HMRT4049
5942,LIVO1212
5943,WP10020
5944,XHX11325
5945,SJDX1007
5946,LTTN1110
5947,IRD3474
5948,LNPE7335
5949,HCDU1630
5950,MLWP4886
5951,MLWP4940
5952,BNZD1567
5953,FNT1221
5954,QSI10342
5955,EXVD1057
5956,LNPK8448
5957,AJHS2038
5958,BNZD1604
5959,ENDE5693
5960,RVF7552
5961,FRIS1929
5962,BB1401
5963,VFCT1027
5964,HFA1190
5965,HTBO1050
5966,QSI2729
5967,EFMG2387
5968,KFBS1461
5969,LNPE7641
5970,GCSR1563
5971,ORIS3128
5972,ORIS3147
5973,UTCB1374
5974,FRIS1906
5975,LAML1049
5976,ASTG2926
5977,CRLM1668
5978,DP10039
5979,SBHN1014
5980,XHX11323
5981,SHRL1045
5982,EBRN2324
5983,CDCR1033
5984,DTKA1419
5985,MLWP4890
5986,AGRV4924
5987,OCBS1003
5988,NDQW1000
5989,VVRH1602
5990,CDDD1000
5991,AHSU4288
5992,AJC10342
5993,JYC1160
5994,GCDR1362
5995,LNPE7608
5996,MXHO1516
5997,VVRH1410
5998,LNPE7466
5999,LNPE7589
6000,FAGN1020
6001,MNCM4441
6002,HMRT3493
6003,MCCE1337
6004,BNZB1053
6005,IAB1707
6006,DVYT1017
6007,BNZC1636
6008,DTKA1427
6009,VVRH1768
6010,LNPE7386
6011,LNPE4731
6012,LDER1464
6013,FPLJ3139
6014,LNPE7590
6015,IVYX2248
6016,AHST5738
6017,AJHS4745
6018,ORIS3311
6019,AHSU3322
6020,NPQH1036
6021,DP10023
6022,WLSG3588
6023,JWP1386
6024,BNZC9115
6025,DP10066
6026,TCGF1146
6027,GCQX1027
6028,PKR10039
6029,QMGD1645
6030,IFIM1011
6031,LOON1992
6032,AAGE1021
6033,KFBU1064
6034,GOLV6154
6035,DBYH3197
6036,BBJV1040
6037,GCEO2780
6038,LTTN1246
6039,LRUN1010
6040,PKR10033
6041,PRGF1472
6042,EXVD1022
6043,BBKC1074
6044,ORE1147
6045,BNZD1572
6046,VVRH1097
6047,CBNR1054
6048,FZY1482
6049,SRQ1766
6050,ENDE5604
6051,BNZB2093
6052,AHSU5494
6053,DP10021
6054,TCGF1150
6055,KBHJ1001
6056,IVYX7119
6057,LATD3279
6058,MLWP4892
6059,LATD3269
6060,ZSNQ1108
6061,MNCM4440
6062,GMLF1001
6063,ORNE1007
6064,FNT1210
6065,ORIS3162
6066,PPCP1968
6067,PKR10035
6068,BNZB8213
6069,BNZD4773
6070,CCKE1012
6071,LNPE7334
6072,TINS1127
6073,OCBP1050
6074,MDZD1047
6075,ALTL3077
6076,SYL10229
6077,VVRH1104
6078,DP1685
6079,LNPK8863
6080,BYV10323
6081,CDDD1002
6082,AHSU5443
6083,AHSU5415
6084,BNJR1087
6085,VVRH1644
6086,AGGR7572
6087,LNPE9000
6088,FOME9832
6089,TDCY1152
6090,NPQD1504
6091,TRPT6677
6092,BNZB2051
6093,PKR10056
6094,XHX11631
6095,XHX11814
6096,ORNL7545
6097,DCRN4041
6098,NSHF1102
6099,NPQH1232
6100,NPQH1244
6101,NPQH1288
6102,ORNE9134
6103,JFI10193
6104,FOME9701
6105,BNZB8238
6106,NPN2232
6107,MLWP4937
6108,BNZD3454
6109,NPQH1318
6110,SY0143
6111,LYS1234
6112,PPCP1977
6113,HATG1029
6114,VGX10155
6115,LTTN1245
6116,FRIS1879
6117,OCLH1017
6118,RDBE2365
6119,LDER6374
6120,EOZ10054
6121,ORNE1773
6122,RBSD4344
6123,ALTL4978
6124,UNRS6287
6125,AHSU5437
6126,NPQD1493
6127,LNPE7423
6128,SJDX1099
6129,ORIS3327
6130,GCEO2769
6131,QAA10054
6132,PA1372
6133,CRLM3665
6134,MIPN2086
6135,LNPE7787
6136,AHSU5435
6137,DBYH8003
6138,NPQH1242
6139,DUKZ1397
6140,LTDR1443
6141,VVRH1656
6142,BYDT2477
6143,RVF10181
6144,MITN1513
6145,AHSU5427
6146,DRRU1105
6147,LTN10278
6148,NPQH1270
6149,LNPE7786
6150,DBYC3187
6151,IFIM1206
6152,TINS1135
6153,JFI10054
6154,RSH1141
6155,KFBU1116
6156,TCGF1147
6157,AHSU5502
6158,SJDX1134
6159,MLWP4944
6160,PNMR1002
6161,FSGP1027
6162,BNJR1119
6163,LATD3312
6164,PTID1702
6165,AHSU5416
6166,AHSU5480
6167,DBYC3181
6168,RDBE2089
6169,PHBG3897
6170,NDPH1269
6171,UNOR1628
6172,NDPH1703
6173,BNZB8229
6174,XHX5619
6175,DABY2315
6176,PPCP1979
6177,AMCN1036
6178,PPCP1980
6179,AHSU3734
6180,LNPE7642
6181,LATD3278
6182,HTBO1078
6183,UNRS4160
6184,TDCY1081
6185,DP10025
6186,PMO10025
6187,TAFN1070
6188,MIPN2255
6189,BNZB2083
6190,DUKZ1407
6191,BNZD1607
6192,LATD3309
6193,TAFN1058
6194,NPQH1264
6195,VVRH1187
6196,VVRH1188
6197,AAJE1871
6198,ORIS3319
6199,VVRH1665
6200,CUG11548
6201,RCLF3169
6202,NPQH1160
6203,EFMG1328
6204,EFMG2958
6205,IDZI1005
6206,NGRI1763
6207,FTYS1022
6208,ENDE5695
6209,KBHJ1107
6210,KBHJ1109
6211,ALTL4979
6212,ICN10052
6213,ENDE5770
6214,PKR10052
6215,NPQH1169
6216,TUHO1023
6217,FTYS1020
6218,AOLL1241
6219,AHSU5496
6220,AHSU5478
6221,GCSR1569
6222,DRTY1202
6223,BKWT8394
6224,WLSG3600
6225,GCRM1223
6226,GCRM1225
6227,BNZD1758
6228,NPQH1064
6229,FOME9820
6230,VVRH1443
6231,WRSE2100
6232,WRSE2101
6233,LTTN1043
6234,BNJR1079
6235,GCDR1330
6236,GCDR1331
6237,IFIM1201
6238,MXSM1026
6239,TDCY1153
6240,DP10065
6241,AUGV2321
6242,MLWP4431
6243,TDD1024
6244,SDZ1581
6245,CRLM1675
6246,HQK1554
6247,AHSU4294
6248,PPCP1975
6249,LNPK3058
6250,CCTK1519
6251,LNPE7450
6252,NSHF1082
6253,LNPE7558
6254,ORNE5447
6255,NCVM1066
6256,DSAG2077
6257,EBRD3723
6258,HKR13306
6259,GCSR1560
6260,BNZD4775
6261,EXVD1058
6262,LNPE7595
6263,NPQD2030
6264,LNPE8994
6265,FCQ1204
6266,BNZD1549
6267,FAGN1100
6268,BBKC1077
6269,ALTL3075
6270,BCMH5388
6271,PPCP1985
6272,JFI10181
6273,AHSU4297
6274,LNPE7441
6275,TCGF1143
6276,BLMY2917
6277,NPQH1048
6278,NPQH1054
6279,NPQD2031
6280,BNZC8795
6281,TQG1392
6282,RVF7584
6283,BNZC3035
6284,EFMG2950
6285,NPQH1234
6286,ORIS3315
6287,ALTL3083
6288,LNPE8992
6289,AHSU5069
6290,ORIS3325
6291,AHSU5497
6292,BNZD1602
6293,BNZD4769
6294,EXVD1044
6295,AHSU5483
6296,NPQD1495
6297,ICN10044
6298,HKR13391
6299,FOME9826
6300,RDBL7475
6301,GRKS8347
6302,SM6349
6303,RDBE2091
6304,OCBN1357
6305,ASGA2434
6306,ROHE5870
6307,ALTL4973
6308,MIPN2284
6309,DBYC3192
6310,ENDE2069
6311,LNPK8920
6312,BNZB8250
6313,TMA1607
6314,BCMH5384
6315,PPCP1986
6316,FHND1276
6317,FHND1428
6318,FHND1439
6319,FHND1451
6320,FHND1694
6321,AJC10656
6322,BNZD4766
6323,FHND1017
6324,BNJR1048
6325,FOCU1050
6326,ACIP1160
6327,ETHC1033
6328,AHST6079
6329,PPCP1966
6330,MLWP4881
6331,AHSU3318
6332,VVRH1877
6333,BNZB8282
6334,NPQD1277
6335,MXF10004
6336,NPQH1157
6337,BBKC1075
6338,BNZD4771
6339,GCEO2762
6340,WCF3145
6341,NPQH1278
6342,AHSU5476
6343,LOON4457
6344,GCEO2774
6345,AHSU5411
6346,KFBS1533
6347,GNT14613
6348,RVF7733
6349,HKR12613
6350,WLGN1852
6351,LNPE8988
6352,WLSG3602
6353,AJC10931
6354,PHBK1010
6355,ENDE5696
6356,LYS1022
6357,LYS1236
6358,FOME9823
6359,CDDD1003
6360,ASGA2459
6361,BNZC7938
6362,HKR13706
6363,PKR10064
6364,VVRH1184
6365,DEGL1335
6366,LNPE7438
6367,LNPE7417
6368,HMRT3517
6369,LNPK8864
6370,ORRL9810
6371,RDBL7465
6372,GCSR1281
6373,LNPE7421
6374,NPQH1206
6375,NPQH1212
6376,WRMG2033
6377,ORNE6939
6378,WLDM8156
6379,AR10069
6380,AHSU5417
6381,PPCP1988
6382,LNPE7593
6383,WLSG3581
6384,BORL1060
6385,CCES1123
6386,ICN10051
6387,WQF12727
6388,CBNR1063
6389,NPQD1503
6390,GCEO2785
6391,FPLJ3536
6392,EITZ2507
6393,EITZ2508
6394,DUKZ1412
6395,ICXM1359
6396,ICXM1486
6397,EITZ2596
6398,LATD3223
6399,VVRH1201
6400,WADL5753
6401,FOME9827
6402,SYTI1092
6403,GCEO2781
6404,ALTL4983
6405,GCSR1559
6406,DBYC3184
6407,DBYC3185
6408,ALTL4971
6409,BNJR1084
6410,DTKA1535
6411,GCSR1566
6412,NSHF1083
6413,FZY1698
6414,FNT1062
6415,AHSU5482
6416,KUEE1019
6417,TMA1536
6418,LNPE7461
6419,AMCN1010
6420,YTCH1014
6421,JECO1077
6422,RDBL7479
6423,JECO1079
6424,SDZ1048
6425,LOPK4613
6426,WCF3147
6427,MLWP4593
6428,LNPE7457
6429,LNPE7592
6430,UT2758
6431,LTTN3948
6432,LOON8839
6433,FNT1209
6434,ZQT1027
6435,MLWP4876
6436,GRKS4491
6437,ALTL3072
6438,JMFU1401
6439,ALCT6479
6440,BTL6957
6441,BNZB8228
6442,HQK1356
6443,GCEO2757
6444,BNZC8072
6445,QBBG1328
6446,BL17093
6447,HE5056
6448,SAU2848
6449,ETHC1134
6450,VEM1221
6451,WCF3128
6452,IXA1069
6453,AHSU4300
6454,PPCP1969
6455,AHSU5418
6456,JWP1267
6457,LOON5166
6458,LOPK4614
6459,BNZD1568
6460,BL17095
6461,BRYS7339
6462,HMCO1169
6463,MCRW7936
6464,PHBG3473
6465,DTKA1451
6466,BRAY6828
6467,LNPE7394
6468,LNPE7414
6469,FHND1246
6470,BNZC8848
6471,SDZ1037
6472,DUKZ1416
6473,DABY2306
6474,ASR1253
6475,ND1934
6476,LNPE7422
6477,LNPE7580
6478,AJC2403
6479,LNPE7444
6480,BAFH1405
6481,DBYH8030
6482,BB1193
6483,ZSNQ1162
6484,HQK1740
6485,AHSU5410
6486,AHSU5412
6487,HQK1555
6488,NPQH1296
6489,NPQH1302
6490,DP10069
6491,THRE3589
6492,FRIS1851
6493,BQFT2279
6494,SYPL6392
6495,BRYS2111
6496,EFMG1352
6497,LRFY3533
6498,HKR12665
6499,LNPE7588
6500,NPQH1298
6501,BNJR1120
6502,FRIS1891
6503,JWP1269
6504,JWP1272
6505,JWP1412
6506,LATU3936
6507,LGLY5008
6508,EFMG1324
6509,AHSU5439
6510,QHC5857
6511,CRQL1265
6512,DRBC9277
6513,POHM1203
6514,HTBO1077
6515,PNMR1000
6516,VVRH1157
6517,WP2054
6518,DUKZ1391
6519,RVF10182
6520,CCTK1515
6521,CCTK1520
6522,BNZC3462
6523,BTL10580
6524,ANDV4815
6525,DTKA1521
6526,MNCM4438
6527,LNPE7342
6528,LOON4490
6529,LYS1312
6530,LYS1313
6531,RBRS7744
6532,PKR10037
6533,LRFY6086
6534,LRFY6087
6535,LRFY6088
6536,BL24040
6537,ATGR2051
6538,ATGR2053
6539,ATGR2058
6540,ATGR2052
6541,GAOK9316
6542,GAOK8417
6543,GAOK6642
6544,CRY2923
6545,CRY2922
6546,NPQH1015
6547,LTRN3959
6548,MCRW7329
6549,MCRW7330
6550,XHX11049
6551,XHX11048
6552,GRYL6737
6553,IVYX1477
6554,IVYX1476
6555,GRYL4373
6556,TRPT5701
6557,TRPT5699
6558,ONAW1793
6559,LOPK3345
6560,ZLD1070
6561,KBHJ1041
6562,KBHJ1079
6563,ALTH1091
6564,WADL8661
6565,UNRS1310
6566,LFMF4245
6567,LRFY1086
6568,LFMF4244
6569,SVTN2294
6570,KBHJ1089
6571,KBHJ1087
6572,EFMG1320
6573,LRKM7935
6574,LRKM9064
6575,LRKM8012
6576,LRKM5838
6577,MXF1685
6578,MITN2689
6579,MITN2688
6580,TRPT5616
6581,TRPT5617
6582,KBHJ1005
6583,CSTD7470
6584,LRFY1684
6585,KUI10027
6586,KUI10028
6587,CRY2904
6588,XHX5196
6589,CSTD6228
6590,ORLS5290
6591,ORIS2565
6592,ORLS5289
6593,RDBS1239
6594,DRBC3529
6595,OPEA1000
6596,ALCT5972
6597,CRY2921
6598,KBHJ1082
6599,WDLN9897
6600,WDLN9896
6601,TXCL1009
6602,FDLL4916
6603,CST52658
6604,CST52657
6605,TRPT3874
6606,TRPT3895
6607,TRPT3896
6608,QSI1913
6609,NPQH1007
6610,CVC10006
6611,MDZD1008
6612,SAU2194
6613,DBYH6264
6614,DBYH6263
6615,TRPT5700
6616,TRPT5702
6617,BCMH4137
6618,BCMH4136
6619,OPHL2423
6620,KBHJ1002
6621,CRY2916
6622,MCRR8644
6623,MCRW7327
6624,MCRW7328
6625,LATT2209
6626,ORIS1530
6627,LRKM3727
6628,LRKM3575
6629,LRKM3585
6630,BSTU1043
6631,MLWP4891
6632,NWCS1591
6633,ALTL4529
6634,AMCN1051
6635,ZIPC8621
6636,MTFD1014
6637,BGLS3430
6638,BGLS3431
6639,STPF1153
6640,WRSE1791
6641,DRBC9284
6642,ALTL2351
6643,ALTL2353
6644,DOCR1140
6645,NDDE1029
6646,DBHM2394
6647,BNZC5096
6648,BNZC5104
6649,LATT1827
6650,RBRS8795
6651,RBRS8796
6652,LOPK6566
6653,DBHC8052
6654,WLDM8150
6655,WRMG4611
6656,SZT1359
6657,KBHJ1066
6658,OPHL2422
6659,BL22722
6660,HKR11012
6661,HKR11011
6662,HKR11008
6663,NDDE1026
6664,RDBT7869
6665,KBHJ1023
6666,KBHJ1024
6667,KBHJ1022
6668,BOME1193
6669,BOME1194
6670,BOME1191
6671,BOME1192
6672,OPHL2416
6673,SR1284
6674,TRNT4974
6675,TRNT4973
6676,ZLD1071
6677,DRBC8895
6678,ORNL7770
6679,URRE1361
6680,LATR8606
6681,ORNE7711
6682,GRKS6828
6683,GRKS6827
6684,ICO3025
6685,ICO3034
6686,HVOA6124
6687,HVOA6123
6688,TMA10143
6689,TMA10144
6690,TMA10182
6691,LTRN4001
6692,ROHE4211
6693,GRKS6469
6694,GRKS6395
6695,GRKS6470
6696,GRKS6471
6697,GRKS6478
6698,QB10042
6699,AHST4275
6700,BCMH3502
6701,KFBS1464
6702,KFBS1462
6703,KFBS1463
6704,GRYL5275
6705,GRYL5276
6706,TRPT5631
6707,TRPT5630
6708,KTSC1235
6709,DOCR1071
6710,DOCR1072
6711,ATGR5506
6712,ATGR5505
6713,DBYH3198
6714,DBHC7235
6715,LOON5156
6716,DOCR1065
6717,BCMH5014
6718,BCHH1313
6719,DOCR1127
6720,LNPK3840
6721,QSI1555
6722,WLFR5378
6723,WLFR5377
6724,BL17097
6725,BL17099
6726,BL17098
6727,BL17101
6728,BL17100
6729,LATT4531
6730,WLK10030
6731,HKR13464
6732,DABY6644
6733,ROHE7923
6734,ROHE7924
6735,ROHE7921
6736,ROHE7920
6737,ROHE7922
6738,WLFR8253
6739,ICO3968
6740,ICO3969
6741,BSTU7878
6742,BSTU7879
6743,ICO4006
6744,ICO3970
6745,ICO3971
6746,BNZB1052
6747,BCHH4113
6748,DOCR1125
6749,DBHM3645
6750,DBHM3644
6751,DBHM3646
6752,UNRT1730
6753,NPQB1027
6754,DOCR1122
6755,LNPE7447
6756,DVYT1018
6757,DOCR1120
6758,GRKS4074
6759,GRKS4070
6760,OCBN1262
6761,LNPE3690
6762,LFN2172
6763,BNZD3455
6764,THVE1169
6765,IOND1052
6766,THRE8438
6767,DOCR1126
6768,DOCR1097
6769,BL17021
6770,BL17022
6771,BL17167
6772,BL17023
6773,BL17020
6774,SDZ1602
6775,HKR13690
6776,VVRH1122
6777,PKR3291
6778,KBHJ1008
6779,DVKT1272
6780,CAGY3727
6781,CAGY3725
6782,CAGY3726
6783,DOCR1119
6784,HMRT3536
6785,ZPCD6218
6786,KFBS1278
6787,BNZC5688
6788,VVRH1549
6789,BNZC5110
6790,STPF1152
6791,ZPCD1821
6792,ASTD3741
6793,ASTD3743
6794,ASTD3742
6795,DRBH7933
6796,DRBH7932
6797,CAGY1972
6798,CAGY1970
6799,CAGY1971
6800,VARK4634
6801,OPHL2427
6802,CRLM1680
6803,KBHJ1085
6804,SSHM1008
6805,NEX1175
6806,QB2342
6807,BLMS1546
6808,BKWT6152
6809,LD1169
6810,BL10195
6811,BL10196
6812,BL10193
6813,BL10194
6814,NDDE1037
6815,DOCR1099
6816,LNPE8701
6817,LIVO1113
6818,BNZC5539
6819,DOCR1090
6820,LOPK2966
6821,DBHC7221
6822,CHRH6703
6823,HMRT3425
6824,VERR1059
6825,OPHL2418
6826,AHSU4306
6827,ICO3125
6828,ICO3123
6829,ICO3124
6830,BRSX1299
6831,DOCR1129
6832,AHSU4301
6833,FNDS3891
6834,BDFL1054
6835,LKF1634
6836,DOCR1077
6837,BNZC3449
6838,LOON4916
6839,TH3289
6840,DOCR1086
6841,LFMF4764
6842,ORIS2672
6843,BNZC5116
6844,HMRT3509
6845,HMRT3533
6846,DOCR1088
6847,THVE1154
6848,THVE1155
6849,DOCR1130
6850,BNJR1047
6851,ORLS2359
6852,LFMF4631
6853,LFMF4630
6854,MNQ3022
6855,DOCR1064
6856,AHSU3314
6857,JYC1172
6858,DOCR1068
6859,TADN8808
6860,ZPCD6215
6861,CSTD5736
6862,LTTN4647
6863,ZLD1024
6864,DOCR1062
6865,PKR10005
6866,HIDN2821
6867,BYST5690
6868,DOCR1074
6869,FNDS2598
6870,LATR8969
6871,ICO2030
6872,ICO2031
6873,FTGW1049
6874,CST47220
6875,ENDE2072
6876,ENDE2073
6877,BNZC5114
6878,VVRH1202
6879,KBHJ1095
6880,BTL7048
6881,BNZC3025
6882,QB2380
6883,DEGL1248
6884,LD1221
6885,JECO1076
6886,DOCR1084
6887,DOCR1081
6888,DOCR1085
6889,LFN1548
6890,AJHS2036
6891,AAOR1350
6892,ENOG1012
6893,EFMG2348
6894,DOCR1066
6895,NWCS1506
6896,IVBX2233
6897,DOCR1067
6898,HMRT5285
6899,QB2339
6900,SCEL1012
6901,EOZ10048
6902,GRCS3227
6903,DOCR1092
6904,MLWP4878
6905,HMRT3423
6906,ICO3548
6907,QB10043
6908,BNZC5102
6909,LOON4455
6910,LNPE7426
6911,LNPE8224
6912,LXZL1071
6913,AGRV2230
6914,AGRV2231
6915,AGRV2232
6916,TCGF1149
6917,AHSU1640
6918,SGEA1217
6919,DOCR1134
6920,EFMG1326
6921,HKR10991
6922,HKR10990
6923,OCBN1265
6924,DOCR1089
6925,NWCS1594
6926,LOON4683
6927,LOON4682
6928,LOON4684
6929,ATGR7649
6930,SGEA1215
6931,STMH1223
6932,STMH1220
6933,STMH1221
6934,STMH1225
6935,STMH1222
6936,STMH1224
6937,KFBS1018
6938,KFBS1015
6939,KFBS1016
6940,KFBS1014
6941,KFBS1017
6942,NPQH1272
6943,NPQH1332
6944,OPHL2417
6945,SVTN1969
6946,SVTN1968
6947,SVTN1967
6948,SVTN1970
6949,BBMT3558
6950,MCRR3502
6951,BRAY5879
6952,KUI7017
6953,KUI7018
6954,KUI7016
6955,MCRW6481
6956,HKR13147
6957,GCEO2747
6958,DRBC1878
6959,DRBC6371
6960,DRBC6372
6961,DRBC6369
6962,DOCR1060
6963,LNPE7437
6964,ROHE5871
6965,AHSU5487
6966,NDDE1036
6967,GOLV2705
6968,PKR3325
6969,JFI10159
6970,VVRH1636
6971,SDZ2046
6972,PPCP1978
6973,ATGR3658
6974,UNRS7068
6975,RBSD4828
6976,BCMH1455
6977,GCEO2775
6978,LOON1849
6979,NPQH1314
6980,WRSE2091
6981,MNQ10324
6982,LGLY7130
6983,WLSG3583
6984,GRYL7071
6985,ALTL4975
6986,BNZB8230
6987,FCE2348
6988,BBJV1039
6989,BCMH5386
6990,BNJR1929
6991,INZ1004
6992,SJDX1013
6993,CSTD7550
6994,VVRH1186
6995,ALTL3081
6996,LNPE7424
6997,GCQX1029
6998,LRUN4889
6999,GCSR1567
7000,ENDE5757
7001,HGLN2909
7002,AJC10965
7003,NPQH1228
7004,NPQH1282
7005,DOCR1063
7006,SDCN1029
7007,LATU1566
7008,NPQH1240
7009,NPQH1246
7010,NPQH1250
7011,HKR6408
7012,JYC1174
7013,DOCR1095
7014,AHSU5436
7015,KFBU1115
7016,TRPT6675
7017,FOME5790
7018,TRNT5574
7019,NPQH1310
7020,AHSU4295
7021,LNPE7603
7022,NPQH1262
7023,NPQH1316
7024,LTRN4002
7025,VVRH1752
7026,EOZ10053
7027,ALTL3078
7028,KIBF1001
7029,PT0244
7030,AHSU4296
7031,ICN10045
7032,VESS1005
7033,NPQH1166
7034,GRKS3779
7035,GRKS3781
7036,GRKS3782
7037,GRKS3784
7038,GRKS3780
7039,DOCR1128
7040,CLIV1796
7041,VVRH1185
7042,BHAS1012
7043,BNZB8232
7044,LATD3288
7045,KIBF1000
7046,AHSU5442
7047,CRCH1067
7048,LNPE9001
7049,ENDE5527
7050,CAAA1015
7051,ORNE2029
7052,LOON4464
7053,NDPH1502
7054,VESS1004
7055,HMRT3428
7056,VSTC1031
7057,VVRH1199
7058,DOCR1108
7059,TH2566
7060,PKR10040
7061,DOCR1121
7062,KBHJ1084
7063,HKR12848
7064,LNPE7601
7065,NEX1169
7066,QSI1669
7067,HMRT3535
7068,MLWP4914
7069,BKWT6158
7070,DVYT1019
7071,CCTK1521
7072,ALCT1565
7073,DOCR1079
7074,LNPE7584
7075,HMRT3538
7076,LTTN4529
7077,BQFT1148
7078,DBYH5435
7079,LNPE7402
7080,JJP1963
7081,DP10067
7082,QB10127
7083,XHX11310
7084,ALTL3073
7085,DOCR1080
7086,DOCR1132
7087,DOCR1109
7088,AHSU1061
7089,AMCN1024
7090,STPF1166
7091,ALTL3074
7092,BNJR1903
7093,ONAW3893
7094,FAGN1117
7095,FTGW1160
7096,GCEO2784
7097,AGTG2007
7098,XDMG1062
7099,PPCP1962
7100,ALTL4964
7101,LYS10057
7102,SZT1357
7103,GCEO2746
7104,FNDS4131
7105,FOME9829
7106,WRME3722
7107,AUGV2330
7108,AHSU5446
7109,LNPE7430
7110,LNPE7428
7111,LRKM3393
7112,PPCP1965
7113,CHFC3034
7114,LATD3304
7115,ENDE5697
7116,ENDE5694
7117,LNPK3049
7118,AHSU4742
7119,WNPO6358
7120,LATD3276
7121,RBSD4822
7122,NPQH1330
7123,ALTL4982
7124,FOME9831
7125,ZSNQ1337
7126,NEI1005
7127,ATGR2248
7128,ICN10073
7129,ICN10072
7130,CAGY4851
7131,VVRH1679
7132,LNPK3929
7133,LNPK3928
7134,LFMF1614
7135,LFMF1613
7136,LFMF1612
7137,LATT5479
7138,VLAM1612
7139,ORES3092
7140,NKSP1026
7141,NKSP1013
7142,VDAX3236
7143,WRMG1988
7144,WRMG1990
7145,WRMG1957
7146,WDLN3307
7147,DOCR1133
7148,DP1870
7149,WLDM8063
7150,BL17024
7151,ZIPC3993
7152,LNPK2960
7153,LNPK2958
7154,GCEO2742
7155,EFMG1154
7156,GRKS6249
7157,GRKS6250
